title,deal_price,screen_type,hdmi_count,usb_count,os,smart_tv,display_size,hd_technology_resolution,launch_year,model_name
SAMSUNG 80 cm (32 Inch) HD Ready LED Smart Tizen TV 2022 Edition with Bezel-free Design  (UA32T4380AKXXL),"₹11,990",LED,2,1,Tizen,Yes,80 cm (32 Inch),"HD Ready, 1366 x 768",2022,UA32T4380AKXXL
iFFALCON by TCL 79.97 cm (32 inch) HD Ready LED Smart Android TV with Google Assistant  (iFF32S53),"₹8,999",LED,2,1,Android,Yes,79.97 cm (32 inch),"HD Ready, 1366 x 768",2023,iFF32S53
"iFFALCON by TCL U62 108 cm (43 inch) Ultra HD (4K) LED Smart Google TV with Dolby Audio, HDR10  (iFF43U62)","₹17,999",LED,3,1,Google TV,Yes,108 cm (43 inch),"Ultra HD (4K), 3840 x 2160",2022,iFF43U62
Thomson 126 cm (50 inch) Ultra HD (4K) LED Smart Google TV 2023 Edition with Dolby Vision & Atmos  (50OPMAXGT9020),"₹22,999",LED,3,2,Google TV,Yes,126 cm (50 inch),"Ultra HD (4K), 3840 x 2160",2023,50OPMAXGT9020
Mi A series 100 cm (40 inch) Full HD LED Smart Google TV 2023 Edition with FHD | Dolby Audio | DTS : HD | DTS Virtual : X | Vivid Picture Engine,"₹20,499",LED,2,2,Google TV,Yes,100 cm (40 inch),"Full HD, 1920 x 1080",2023,L40M8-5AIN
"iFFALCON by TCL U62 139 cm (55 inch) Ultra HD (4K) LED Smart Google TV with Dolby Audio, HDR10  (iFF55U62)","₹25,999",LED,3,1,Google TV,Yes,139 cm (55 inch),"Ultra HD (4K), 3840 x 2160",2022,iFF55U62
"Infinix Y1 80 cm (32 inch) HD Ready LED Smart Linux TV 2022 Edition with YouTube & Pre-loaded Apps, Wifi Enabled, Miracast, Web Browser  (32Y1)","₹8,499",LED,3,2,Linux,Yes,80 cm (32 inch),"HD Ready, 1366 x 768",2022,32Y1
TCL 80.04 cm (32 inch) Full HD LED Smart Android TV 2023 Edition with Google Assistant |  (32S5403AF),"₹11,490",LED,2,1,Android,Yes,80.04 cm (32 inch),"Full HD, 1920 x 1080",2023,32S5403AF
SENS 80 cm (32 inch) HD Ready LED Smart Linux TV 2022 Edition  (32WCSHD),"₹7,499",LED,3,2,Linux,Yes,80 cm (32 inch),"HD Ready, 1366 x 768",2022,32WCSHD
Mi 5A 100 cm (40 inch) Full HD LED Smart Android TV with Dolby Audio (2022 Model),"₹19,990",LED,2,2,Android,Yes,100 cm (40 inch),"Full HD, 1920 x 1080",2022,L40M7-EAIN
SONY 138.8 cm (55 inch) Ultra HD (4K) LED Smart Google TV 2022 Edition  (KD-55X74K),"₹52,990",LED,3,2,Google TV,Yes,138.8 cm (55 inch),"Ultra HD (4K), 3840 x 2160",2022,KD-55X74K
SAMSUNG Crystal Vision 4K iSmart with Voice Assistant 108 cm (43 inch) Ultra HD (4K) LED Smart Tizen TV 2023 Edition with Video Calling & IOT Sensors for Light & Camera  (UA43CUE70AKLXL),"₹28,490",LED,3,1,Tizen,Yes,108 cm (43 inch),"Ultra HD (4K), 3840 x 2160",2023,UA43CUE70AKLXL
Thomson 9A Series 80 cm (32 inch) HD Ready LED Smart Android TV  (32PATH0011),"₹8,888",LED,3,2,Android,Yes,80 cm (32 inch),"HD Ready, 1366 x 768",2020,32PATH0011
"iFFALCON by TCL U62 126 cm (50 inch) Ultra HD (4K) LED Smart Google TV with Dolby Audio, HDR10  (iFF50U62)","₹23,999",LED,3,1,Google TV,Yes,126 cm (50 inch),"Ultra HD (4K), 3840 x 2160",2022,iFF50U62
TOSHIBA 108 cm (43 inch) Full HD LED Smart Android TV 2023 Edition with DTS X  (43V35MP),"₹18,999",LED,2,2,Android,Yes,108 cm (43 inch),"Full HD, 1920 x 1080",2023,43V35MP
"Hisense Tornado 139 cm (55 inch) Ultra HD (4K) LED Smart Google TV 2022 Edition with 102W JBL 6 Speakers, Dolby Vision and Atmos  (55A7H)","₹31,999",LED,3,2,Google TV,Yes,139 cm (55 inch),"Ultra HD (4K), 3840 x 2160",2022,55A7H
Blaupunkt 126 cm (50 Inch) QLED Ultra HD (4K) Smart Google TV With Dolby Atmos & Far-Field Mic  (50QD7010),"₹26,999",QLED,3,2,Google TV,Yes,126 cm (50 Inch),"Ultra HD (4K), 3840 x 2160",2022,50QD7010
Thomson FA Series 80 cm (32 inch) HD Ready LED Smart Android TV 2023 Edition with Dolby Digital Plus & Android 11  (32RT1022),"₹9,499",LED,3,2,Android,Yes,80 cm (32 inch),"HD Ready, 1366 x 768",2023,32RT1022
"Acer Advanced I Series 139 cm (55 inch) Ultra HD (4K) LED Smart Google TV 2023 Edition with Dolby Vision-Atmos, 36W Sound Output  (AR55GR2851UDFL)","₹29,999",LED,3,2,Google TV,Yes,139 cm (55 inch),"Ultra HD (4K), 3840 x 2160",2023,AR55GR2851UDFL
"Hisense Tornado 126 cm (50 inch) Ultra HD (4K) LED Smart Google TV 2022 Edition with 102W JBL 6 Speakers, Dolby Vision and Atmos  (50A7H)","₹27,999",LED,3,2,Google TV,Yes,126 cm (50 inch),"Ultra HD (4K), 3840 x 2160",2022,50A7H
Mi A series 80 cm (32 inch) HD Ready LED Smart Google TV 2023 Edition with HD |Dolby Audio | DTS:HD | Vivid Picture Engine,"₹11,499",LED,2,2,Google TV,Yes,80 cm (32 inch),"HD Ready, 1366 x 768",2023,L32M8-5AIN
TCL 79.97 cm (32 inch) HD Ready LED Smart Android TV 2022 Edition with Google Assistant  (32S5400A),"₹10,990",LED,2,1,Android,Yes,79.97 cm (32 inch),"HD Ready, 1366 x 768",2022,32S5400A
Blaupunkt CyberSound G2 139 cm (55 inch) Ultra HD (4K) LED Smart Google TV 2023 Edition with Dolby Vision & 60W Sound Output  (55CSGT7023),"₹26,999",LED,3,2,Google TV,Yes,139 cm (55 inch),"Ultra HD (4K), 3840 × 2160",2023,55CSGT7023
KODAK 7XPRO Series 80 cm (32 inch) HD Ready LED Smart Android TV  (32HDX7XPRO),"₹8,999",LED,3,2,Android,Yes,80 cm (32 inch),"HD Ready, 1366 x 768",2020,32HDX7XPRO
Thomson R9 60 cm (24 inch) HD Ready LED TV  (24TM2490),"₹5,999",LED,2,2,Android,No,60 cm (24 inch),"HD Ready, 1366 x 768",2018,24TM2490
SONY 125.7 cm (50 inch) Ultra HD (4K) LED Smart Google TV 2023 Edition  (KD-50X64L),"₹52,990",LED,3,1,Google TV,Yes,125.7 cm (50 inch),"Ultra HD (4K), 3840 x 2160",2023,KD-50X64L
Coocaa 109 cm (43 inch) Full HD LED Smart Coolita TV 2023 Edition with Dolby Audio and Eye Care Technology  (43S3U-Pro),"₹14,999",LED,2,1,Coolita,Yes,109 cm (43 inch),"Full HD, 1920 x 1080",2023,43S3U-Pro
TCL 80.04 cm (32 inch) Full HD LED Smart Google TV 2022 Edition with Google Assistant  (32S5400),"₹12,990",LED,2,1,Google TV,Yes,80.04 cm (32 inch),"Full HD, 1920 x 1080",2022,32S5400
"Hisense A6K 139 cm (55 inch) Ultra HD (4K) LED Smart Google TV 2023 Edition with Hands Free Voice Control, Dolby Vision & Atmos and HRR 120 Hz Mode  (55A6K)","₹29,990",LED,3,2,Google TV,Yes,139 cm (55 inch),"Ultra HD (4K), 3840 x 2160",2023,55A6K
Thomson 126 cm (50 inch) QLED Ultra HD (4K) Smart Google TV with Dolby Vision & Atmos  (Q50H1000),"₹29,999",QLED,3,2,Google TV,Yes,126 cm (50 inch),"Ultra HD (4K), 3840 x 2160",2022,Q50H1000
iFFALCON by TCL S53 101 cm (40 inch) Full HD LED Smart Android TV with Bezel-Less design & 24W Speaker  (iFF40S53),"₹14,999",LED,2,1,Android,Yes,101 cm (40 inch),"Full HD, 1920 x 1080",2023,iFF40S53
SAMSUNG 109 cm (43 inch) Full HD LED Smart Tizen TV  (UA43T5450AKXXL),"₹26,990",LED,2,1,Tizen,Yes,109 cm (43 inch),"Full HD, 1920 x 1080",2022,UA43T5450AKXXL
OnePlus Y1 100 cm (40 inch) Full HD LED Smart Android TV with Dolby Audio  (40FA1A00/40FA1A00_V1),"₹21,999",LED,2,2,Android,Yes,100 cm (40 inch),"Full HD, 1920 x 1080",2021,40FA1A00/40FA1A00_V1
SAMSUNG AUE60 138 cm (55 inch) Ultra HD (4K) LED Smart Tizen TV  (UA55AUE60AKLXL),"₹45,990",LED,3,1,Tizen,Yes,138 cm (55 inch),"Ultra HD (4K), 3840 x 2160",2021,UA55AUE60AKLXL
"Compaq 109 cm (43 inch) Ultra HD (4K) LED Smart Android TV 2022 Edition with 2GB RAM,Dolby Audio,WCG+,HDR 10,ESE  (CQV43AX1UD)","₹17,990",LED,3,2,Android,Yes,109 cm (43 inch),"Ultra HD (4K), 3840 x 2160",2022,CQV43AX1UD
SENS 127 cm (50 inch) Ultra HD (4K) LED Smart Google TV 2023 Edition  (SENS50WGSUHD),"₹21,999",LED,3,2,Google TV,Yes,127 cm (50 inch),"Ultra HD (4K), 3840 × 2160",2023,SENS50WGSUHD
Sansui 140 cm (55 inch) Ultra HD (4K) LED Smart Android TV with Dolby Audio and DTS (Mystique Black)  (JSW55ASUHD),"₹32,490",LED,3,2,Android,Yes,140 cm (55 inch),"Ultra HD (4K), 3840 x 2160",2020,JSW55ASUHD
Thomson 164 cm (65 inch) QLED Ultra HD (4K) Smart Google TV With Dolby Vision & Dolby Atmos  (Q65H1100),"₹44,999",QLED,2,2,Google TV,Yes,164 cm (65 inch),"Ultra HD (4K), 3840 x 2160",2022,Q65H1100
"Dyanora 60 cm (24 inch) HD Ready LED Smart Linux based TV with Noise Reduction, Powerful Audio Box Speakers  (DY-LD24H4S)","₹6,499",LED,2,2,Linux based,Yes,60 cm (24 inch),"HD Ready, 1366 x 768",2022,DY-LD24H4S
CANDY 165 cm (65 inch) QLED Ultra HD (4K) Smart Google TV With Dolby Atmos & Dolby Vision  (CA6560CQLED),"₹39,999",QLED,4,2,Google TV,Yes,165 cm (65 inch),"Ultra HD (4K), 3840 x 2160",2023,CA6560CQLED
BeethoSOL 80 cm (32 inch) HD Ready LED Smart Android TV  (LEDSTVBG3285HD27-EK),"₹7,299",LED,1,2,Android,Yes,80 cm (32 inch),"HD Ready, 1366 x 768",2022,LEDSTVBG3285HD27-EK
realme NEO 80 cm (32 inch) HD Ready LED Smart Linux TV  (RMV2101),"₹11,999",LED,2,1,Linux,Yes,80 cm (32 inch),"HD Ready, 1366 x 768",2021,RMV2101
Coocaa 80 cm (32 inch) HD Ready LED Smart Coolita TV with Dolby Audio and Eye Care Technology  (32S3U-Pro),"₹7,999",LED,2,1,Coolita,Yes,80 cm (32 inch),"HD Ready, 1366 x 768",2021,32S3U-Pro
SAMSUNG The Frame 163 cm (65 inch) QLED Ultra HD (4K) Smart Tizen TV with Matte Display  (QA65LS03BAKLXL),"₹1,29,999",QLED,4,2,Tizen,Yes,163 cm (65 inch),"Ultra HD (4K), 3840 x 2160",2022,QA65LS03BAKLXL
Mi X Pro 138 cm (55 inch) Ultra HD (4K) LED Smart Google TV 2023 Edition with 4K Dolby Vision IQ | HDR10+ | Dolby Atmos | DTS X | Vivid Picture Engine 2 with Adaptive Brightness,"₹44,999",LED,3,2,Google TV,Yes,138 cm (55 inch),"Ultra HD (4K), 3840 x 2160",2023,L55M8-5XIN
"iFFALCON by TCL U62 164 cm (65 inch) Ultra HD (4K) LED Smart Google TV with Dolby Audio, HDR10  (iFF65U62)","₹41,999",LED,3,1,Google TV,Yes,164 cm (65 inch),"Ultra HD (4K), 3840 x 2160",2022,iFF65U62
SONY X75L 108 cm (43 inch) Ultra HD (4K) LED Smart Google TV 2023 Edition  (KD-43X75L),"₹48,440",LED,3,2,Google TV,Yes,108 cm (43 inch),"Ultra HD (4K), 3840 x 2160",2023,KD-43X75L
Vu Premium TV 108 cm (43 inch) Full HD LED Smart Android TV 2022 Edition  (43GA-Android),"₹20,990",LED,2,2,Android,Yes,108 cm (43 inch),"Full HD, 1920 x 1080",2022,43GA-Android
Blaupunkt CyberSound G2 Series 80 cm (32 inch) HD Ready LED Smart Android TV 2023 Edition with Dolby Digital Plus & 40 W Sound Output  (32CSG7111),"₹9,499",LED,3,2,Android,Yes,80 cm (32 inch),"HD Ready, 1366 x 768",2023,32CSG7111
TCL C645 139 cm (55 inch) QLED Ultra HD (4K) Smart Google TV With Hands-Free Voice Control  (55C645),"₹39,990",QLED,3,1,Google TV,Yes,139 cm (55 inch),"Ultra HD (4K), 3840 x 2160",2023,55C645
MOTOROLA EnvisionX 178 cm (70 inch) Ultra HD (4K) LED Smart Google TV with Inbuilt Box Speakers  (70UHDGDMBS5E),"₹59,999",LED,3,2,Google TV,Yes,178 cm (70 inch),"Ultra HD (4K), 3840 x 2160",2023,70UHDGDMBS5E
Acer V Series 108 cm (43 inch) QLED Ultra HD (4K) Smart Google TV  (AR43GR2851VQD),"₹27,999",QLED,3,2,Google TV,Yes,108 cm (43 inch),"Ultra HD (4K), 3840 x 2160",2023,AR43GR2851VQD
Vu 108 cm (43 inch) Ultra HD (4K) LED Smart Google TV 2023 Edition  (43CA),"₹25,999",LED,3,2,Google TV,Yes,108 cm (43 inch),"Ultra HD (4K), 3840 x 2160",2023,43CA
OnePlus Y1S Pro 138 cm (55 inch) Ultra HD (4K) LED Smart Android TV 2022 Edition  (55UD2A00),"₹39,999",LED,3,2,Android,Yes,138 cm (55 inch),"Ultra HD (4K), 3840 x 2160",2022,55UD2A00
SAMSUNG 80 cm (32 inch) HD Ready LED Smart Tizen TV with SMART TV TIZEN HD  (UA32T4340AKXXL / UA32T4340BKXXL),"₹14,990",LED,2,1,Tizen,Yes,80 cm (32 inch),"HD Ready, 1366 x 768",2020,UA32T4340AKXXL / UA32T4340BKXXL
LG Nanocell 108 cm (43 inch) Ultra HD (4K) LED Smart WebOS TV 2022 Edition with Magic Remote Control  (43NANO73SQA),"₹38,990",LED,3,2,WebOS,Yes,108 cm (43 inch),"Ultra HD (4K), 3840 x 2160",2022,43NANO73SQA
Coocaa 81 cm (32 inch) HD Ready LED Smart Linux TV with YouTube  (32S3U),"₹11,999",LED,3,1,Linux,Yes,81 cm (32 inch),"HD Ready, 1366 x 768",2019,32S3U
Thomson 9R PRO 126 cm (50 inch) Ultra HD (4K) LED Smart Android TV  (50PATH1010BL),"₹24,999",LED,3,2,Android,Yes,126 cm (50 inch),"Ultra HD (4K), 3840 x 2160",2021,50PATH1010BL
CANDY 108 cm (43 inch) Ultra HD (4K) LED Smart Google TV 2023 Edition with Dolby Atmos & Dolby Vision  (CA43U50LED),"₹17,999",LED,4,2,Google TV,Yes,108 cm (43 inch),"Ultra HD (4K), 3840 x 2160",2023,CA43U50LED
"Acer I Series 127 cm (50 inch) Ultra HD (4K) LED Smart Android TV 2022 Edition with Android 11, 30W Dolby Audio, MEMC (2022 Model)  (AR50AR2851UDFL)","₹27,999",LED,3,2,Android,Yes,127 cm (50 inch),"Ultra HD (4K), 3840 x 2160",2022,AR50AR2851UDFL
TOSHIBA C350MP 139 cm (55 inch) Ultra HD (4K) LED Smart Google TV 2023 Edition with Dolby Vision Atmos and REGZA Engine  (55C350MP),"₹34,990",LED,3,2,Google TV,Yes,139 cm (55 inch),"Ultra HD (4K), 3840 x 2160",2023,55C350MP
"Mi 5X 108 cm (43 inch) Ultra HD (4K) LED Smart Android TV with 4K Dolby Vision | HDR10+ |,Dolby Atmos | DTS-HD | Vivid Picture Engine 2 with Adaptive Brightness","₹29,999",LED,3,2,Android,Yes,108 cm (43 inch),"Ultra HD (4K), 3840 x 2160",2021,L43M6-ES
"Mi 5X 125.7 cm (50 inch) Ultra HD (4K) LED Smart Android TV with 4K Dolby Vision | HDR10+ |,Dolby Atmos | Vivid Picture Engine 2 with Adaptive Brightness","₹39,999",LED,3,2,Android,Yes,125.7 cm (50 inch),"Ultra HD (4K), 3840 x 2160",2021,L50M6-ES
Acer Advanced I Series 108 cm (43 inch) Full HD LED Smart Google TV 2023 Edition  (AR43GR2841FDFL),"₹18,999",LED,2,2,Google TV,Yes,108 cm (43 inch),"Full HD, 1080 x 1920",2023,AR43GR2841FDFL
TCL P635 164 cm (65 inch) Ultra HD (4K) LED Smart Google TV 2022 Edition with Dolby Audio & HDR10  (65P635),"₹46,990",LED,3,1,Google TV,Yes,164 cm (65 inch),"Ultra HD (4K), 3840 x 2161",2022,65P635
Sansui 165 cm (65 inch) Ultra HD (4K) LED Smart TV  (JSW65ASUHDFF),"₹46,999",LED,3,2,Google TV,Yes,165 cm (65 inch),"Ultra HD (4K), 3840 x 2160",2022,JSW65ASUHDFF
Sansui 80 cm (32 inch) HD Ready LED Smart Google TV  ((JSWY32GSHD)),"₹10,910",LED,2,2,Google TV,Yes,80 cm (32 inch),"HD Ready, 1366*768",2023,(JSWY32GSHD)
LG Nanocell 139 cm (55 inch) Ultra HD (4K) LED Smart WebOS TV  (55NANO91TNA),"₹89,999",LED,4,3,WebOS,Yes,139 cm (55 inch),"Ultra HD (4K), 3840 x 2160",2020,55NANO91TNA
Thomson OATHPRO Series 126 cm (50 inch) Ultra HD (4K) LED Smart Android TV with Dolby Digital Plus & DTS TruSurround  (50OATHPRO1212),"₹22,999",LED,3,2,Android,Yes,126 cm (50 inch),"Ultra HD (4K), 3840 x 2160",2020,50OATHPRO1212
"Hisense Tornado 139 cm (55 inch) Ultra HD (4K) LED Smart Google TV 2023 Edition with Built-in JBL Soundbar, 25W Subwoofer and HRR 120 Hz Mode  (55A7K)","₹33,999",LED,3,2,Google TV,Yes,139 cm (55 inch),"Ultra HD (4K), 3840 x 2160",2023,55A7K
"Hisense Tornado 164 cm (65 inch) Ultra HD (4K) LED Smart Google TV 2023 Edition with Built-in JBL Soundbar, 25W Subwoofer and HRR 120 Hz Mode  (65A7K)","₹46,999",LED,3,2,Google TV,Yes,164 cm (65 inch),"Ultra HD (4K), 3840 x 2160",2023,65A7K
Nokia 139 cm (55 inch) Ultra HD (4K) LED Smart Android TV with Sound by Onkyo  (55TAUHDN),"₹31,999",LED,3,2,Android,Yes,139 cm (55 inch),"Ultra HD (4K), 3840 x 2160",2020,55TAUHDN
CANDY 139 cm (55 inch) Ultra HD (4K) LED Smart Google TV 2023 Edition with Dolby Atmos & Dolby Vision  (CA55U50LED),"₹29,999",LED,4,2,Google TV,Yes,139 cm (55 inch),"Ultra HD (4K), 3840 x 2160",2023,CA55U50LED
Blaupunkt Quantum Dot 108 cm (43 inch) QLED Ultra HD (4K) Smart Google TV Dolby Vision & 50W Sound Output  (43QD7050),"₹21,999",QLED,3,2,Google TV,Yes,108 cm (43 inch),"Ultra HD (4K), 3840 × 2160",2023,43QD7050
MarQ by Flipkart 60 cm (24 inch) HD Ready LED TV  (24HDNDQPPAB),"₹5,699",LED,2,2,Not Specified,No,60 cm (24 inch),"HD Ready, 1366 x 768",2022,24HDNDQPPAB
Sansui 127 cm (50 inch) Ultra HD (4K) LED Smart Google TV 2023 Edition  (JSW50GSUHD),"₹26,999",LED,3,2,Google TV,Yes,127 cm (50 inch),"Ultra HD (4K), 3840 x 2160",2023,JSW50GSUHD
"LG UQ7500 139 cm (55 inch) Ultra HD (4K) LED Smart WebOS TV 2022 Edition with Filmmaker Mode, AI Sound & Active HDR  (55UQ7500PSF)","₹44,990",LED,3,1,WebOS,Yes,139 cm (55 inch),"Ultra HD (4K), 3840 x 2160",2022,55UQ7500PSF
Infinix 80 cm (32 inch) QLED HD Ready Smart WebOS TV Infinix W1 QLED 80 cm (32 inch) HD Ready Smart TV powered by webOS (32W1Q) with Dolby Audio. Personalized TV experience with 1000+ Apps and Home Dashboard to control IoT devices. (Wall Mount Included)  (32W1 Q),"₹9,499",QLED,3,2,WebOS,Yes,80 cm (32 inch),"HD Ready, 1366 x 768",2023,32W1 Q
TCL C645 108 cm (43 inch) QLED Ultra HD (4K) Smart Google TV With Hands-Free Voice Control  (43C645),"₹28,990",QLED,3,1,Google TV,Yes,108 cm (43 inch),"Ultra HD (4K), 3840 x 2160",2023,43C645
LG 164 cm (65 inch) Ultra HD (4K) LED Smart WebOS TV  (65UK7500PTA),"₹1,11,749",LED,4,2,WebOS,Yes,164 cm (65 inch),"Ultra HD (4K), 3840 x 2160",2018,65UK7500PTA
OnePlus Y1S 80 cm (32 inch) HD Ready LED Smart Android TV 2022 Edition with Android 11 and Bezel-Less Frame  (32HD2A00),"₹19,890",LED,2,2,Android,Yes,80 cm (32 inch),"HD Ready, 1366 x 768",2022,32HD2A00
iFFALCON by TCL 164 cm (65 inch) QLED Ultra HD (4K) Smart Google TV With Dolby Atmos Vision & HDR10  (iFF65Q73),"₹47,999",QLED,3,1,Google TV,Yes,164 cm (65 inch),"Ultra HD (4K), 3840 x 2160",2023,iFF65Q73
Coocaa 108 cm (43 inch) Full HD LED Smart Android TV with HDR 10 Dolby Audio and Eye Care Technology  (43S7G),"₹16,999",LED,2,2,Android,Yes,108 cm (43 inch),"Full HD, 1920 x 1080",2022,43S7G
KODAK 164 cm (65 inch) Ultra HD (4K) LED Smart Google TV 2023 Edition with With Dolby Atmos and Dolby Vision  (65CAPRO5099),"₹43,999",LED,3,2,Google TV,Yes,164 cm (65 inch),"Ultra HD (4K), 3840 x 2160",2023,65CAPRO5099
Nokia 140 cm (55 inch) Ultra HD 4K QLED Smart Android TV with Sound by JBL and Powered by Harman AudioEFX  (55UHDAQNDT5Q),"₹54,999",QLED,3,2,Android,Yes,140 cm (55 inch),"Ultra HD (4K), 3840 x 2160",2021,55UHDAQNDT5Q
LG 164 cm (65 inch) OLED Ultra HD (4K) Smart WebOS TV Pixel Dimming & Magic Remote  (OLED65A2PSA),"₹1,49,990",OLED,3,2,WebOS,Yes,164 cm (65 inch),"Ultra HD (4K), 3840 x 2160",2022,OLED65A2PSA
OnePlus Y1S 101 cm (40 inch) Full HD LED Smart Android TV 2023 Edition with Android 11 and Bezel-Less Frame  (40FA1A00),"₹21,999",LED,2,2,Android,Yes,101 cm (40 inch),"Full HD, 1920 x 1080",2023,40FA1A00
"Compaq 108 cm (43 inch) Full HD LED Smart Android TV with HDR10+, ChromeCast Ready , Dolby Audio Surround Sound  (CQ4300FHDAB)","₹15,999",LED,3,2,Android,Yes,108 cm (43 inch),"Full HD, 1920 x 1080",2021,CQ4300FHDAB
TCL 189 cm (75 inch) Ultra HD (4K) LED Smart Google TV 2022 Edition with Dolby Audio & HDR10  (75P635),"₹69,990",LED,3,2,Google TV,Yes,189 cm (75 inch),"Ultra HD (4K), 3840 x 2160",2022,75P635
"Dyanora AU Series 108 cm (43 inch) Full HD LED Smart Android TV with Certified Android 11, Dolby Audio and 30 Watt Sound Output (2023)  (DY-LD43F0S)","₹15,999",LED,2,2,Android,Yes,108 cm (43 inch),"Full HD, 1920 x 1080",2022,DY-LD43F0S
LG 164 cm (65 inch) Ultra HD (4K) LED Smart WebOS TV  (65SK8500PTA),"₹84,990",LED,4,3,WebOS,Yes,164 cm (65 inch),"Ultra HD (4K), 3840 x 2160",2018,65SK8500PTA
Haier 140 cm (55 inch) Ultra HD (4K) LED Smart Google TV 2023 Edition with DOLBY VISION-ATMOS & Far-Field  (L55EG),"₹41,490",LED,4,2,Google TV,Yes,140 cm (55 inch),"Ultra HD (4K), 3840 x 2160",2023,L55EG
SONY X75L 125.7 cm (50 inch) Ultra HD (4K) LED Smart Google TV 2023 Edition  (KD-50X75L),"₹59,840",LED,3,2,Google TV,Yes,125.7 cm (50 inch),"Ultra HD (4K), 3840 x 2160",2023,KD-50X75L
"Compaq HUEQ G43B 108 cm (43 inch) Ultra HD (4K) LED Smart Android TV with 2 GB RAM, Mimi Sound Personalisation, Google Assistant  (CQ43APUDBL)","₹17,999",LED,3,2,Android,Yes,108 cm (43 inch),"Ultra HD (4K), 3840 x 2160",2021,CQ43APUDBL
CANDY 80 cm (32 inch) HD Ready LED Smart Android TV 2023 Edition  (CA32C9),"₹9,999",LED,3,2,Android,Yes,80 cm (32 inch),"HD Ready, 1366 x 768",2023,CA32C9
SONY Bravia W672G 125.7 cm (50 inch) Full HD LED Smart Linux based TV  (KLV-50W672G),"₹53,100",LED,2,2,Linux based,Yes,125.7 cm (50 inch),"Full HD, 1920 x 1080",2019,KLV-50W672G
SONY X80L 215 cm (85 inch) Ultra HD (4K) LED Smart Google TV 2023 Edition  (KD-85X80L),"₹3,13,490",LED,4,2,Google TV,Yes,215 cm (85 inch),"Ultra HD (4K), 3840 x 2160",2023,KD-85X80L
"ONIDA 80 cm (32 inch) HD Ready LED Smart Android TV 2023 Edition with Dolby Audio, HDR10  (32HIT)","₹12,990",LED,2,2,Android,Yes,80 cm (32 inch),"HD Ready, 1366 x 768",2023,32HIT
Thomson 108 cm (43 inch) Ultra HD (4K) LED Smart Google TV 2023 Edition with with HRD10 & 40W Sound Output  (43OPMAXGT9010),"₹22,999",LED,3,2,Google TV,Yes,108 cm (43 inch),"Ultra HD (4K), 3840 x 2160",2023,43OPMAXGT9010
Panasonic 108 cm (43 inch) Ultra HD (4K) LED Smart Google TV 2023 Edition  (TH-43MX660DX),"₹29,990",LED,3,2,Google TV,Yes,108 cm (43 inch),"Ultra HD (4K), 3840 x 2160",2023,TH-43MX660DX
NU 80 cm (32 inch) HD Ready LED Smart WebOS TV  (LED32HWA1),"₹10,999",LED,3,2,WebOS,Yes,80 cm (32 inch),"HD Ready, 1366 x 768",2022,LED32HWA1
Coocaa Frameless 138 cm (55 inch) Ultra HD (4K) LED Smart Google TV 2022 Edition with HDR 10 Dolby Audio and Eye care technology  (55Y72),"₹29,999",LED,3,2,Google TV,Yes,138 cm (55 inch),"Ultra HD (4K), 3840 x 2160",2022,55Y72
LG 108 cm (43 inch) Ultra HD (4K) LED Smart WebOS TV  (43UK6780PTE),"₹33,982",LED,3,2,WebOS,Yes,108 cm (43 inch),"Ultra HD (4K), 3840 x 2160",2018,43UK6780PTE
LG 164 cm (65 inch) Ultra HD (4K) LED Smart WebOS TV  (65UP7720PTY),"₹74,990",LED,2,1,WebOS,Yes,164 cm (65 inch),"Ultra HD (4K), 3840 x 2160",2021,65UP7720PTY
LG 139 cm (55 inch) Ultra HD (4K) LED Smart WebOS TV  (55UP7720PTY),"₹52,999",LED,2,1,WebOS,Yes,139 cm (55 inch),"Ultra HD (4K), 3840 x 2160",2021,55UP7720PTY
MarQ By Flipkart 80 cm (32 inch) HD Ready LED TV  (32HDNDMSVAB),"₹7,999",LED,2,2,Not Specified,No,80 cm (32 inch),"HD Ready, 1366 x 768",2021,32HDNDMSVAB
LG 108 cm (43 inch) Full HD LED Smart WebOS TV  (43LH600T),"₹58,900",LED,3,2,WebOS,Yes,108 cm (43 inch),"Full HD, 1920 x 1080",2016,43LH600T
MarQ by Flipkart 80 cm (32 inch) HD Ready LED Smart Google TV  (32HDGDQBSXP),"₹9,999",LED,2,2,Google TV,Yes,80 cm (32 inch),"HD Ready, 1366 x 768",2023,32HDGDQBSXP
MOTOROLA Revou 139 cm (55 inch) Ultra HD (4K) LED Smart Android TV with Dolby Atmos and Dolby Vision  (55SAUHDMG/55SAUHDMG.),"₹59,999",LED,3,2,Android,Yes,139 cm (55 inch),"Ultra HD (4K), 3840 x 2160",2020,55SAUHDMG/55SAUHDMG.
Vu 164 cm (65 inch) Ultra HD (4K) LED Smart Google TV  (65CA),"₹49,990",LED,3,2,Google TV,Yes,164 cm (65 inch),"Ultra HD (4K), 3840 x 2160",2023,65CA
Acer Advanced I Series 189 cm (75 inch) Ultra HD (4K) LED Smart Google TV 2023 Edition  (AR75GR2851UDFL),"₹79,999",LED,3,2,Google TV,Yes,189 cm (75 inch),"Ultra HD (4K), 3840 x 2160",2023,AR75GR2851UDFL
Sansui 165 cm (65 inch) QLED Ultra HD (4K) Smart Google TV With Zen Panel Dolby Vision & Atmos  (JSW65GSQLED),"₹51,890",QLED,3,2,Google TV,Yes,165 cm (65 inch),"Ultra HD (4K), 3840 x 2160",2022,JSW65GSQLED
SONY Bravia 138.8 cm (55 inch) Ultra HD (4K) LED Smart Google TV  (KD-55X80J),"₹74,990",LED,4,2,Google TV,Yes,138.8 cm (55 inch),"Ultra HD (4K), 3840 x 2160",2021,KD-55X80J
KODAK X900 80 cm (32 inch) HD Ready LED TV  (32HDX900s),"₹7,499",LED,2,2,Android,No,80 cm (32 inch),"HD Ready, 1366 x 768",2017,32HDX900s
"Compaq HUEQ W32S 80 cm (32 inch) HD Ready LED Smart Android TV with Dolby Audio , Google assistant, HDR 10 , Experience Stabilisation Engine  (CQ32APHDBZ)","₹21,998",LED,3,2,Android,Yes,80 cm (32 inch),"HD Ready, 1366 x 768",2023,CQ32APHDBZ
XElectron Advance 80 cm (32 inch) HD Ready LED Smart Android TV  (32XETV),"₹8,022",LED,2,2,Android,Yes,80 cm (32 inch),"HD Ready, 1366 x 768",2022,32XETV
"MOTOROLA EnvisionX 140 cm (55 inch) QLED Ultra HD (4K) Smart Google TV QuantumGlow Technology, Dolby Vision & Dolby Atmos (2023 Range)  (55UHDGQMWS5Q)","₹36,999",QLED,3,2,Google TV,Yes,140 cm (55 inch),"Ultra HD (4K), 3840 x 2160",2023,55UHDGQMWS5Q
Panasonic 80 cm (32 inch) HD Ready LED Smart Google TV 2023 Edition  (TH-32MS660DX),"₹15,990",LED,2,2,Google TV,Yes,80 cm (32 inch),"HD Ready, 1366 x 768",2023,TH-32MS660DX
Panasonic 80 cm (32 inch) HD Ready LED Smart TV  (TH-32JS650DX),"₹25,000",LED,3,2,Android,Yes,80 cm (32 inch),"HD Ready, 1366 x 768",2021,TH-32JS650DX
"Coocaa 109 cm (43 inch) Ultra HD (4K) LED Smart Android TV with Google Assistant, HDR 10 and Dolby Audio  (43S6G Pro)","₹19,999",LED,3,2,Android,Yes,109 cm (43 inch),"Ultra HD (4K), 3840 x 2160",2020,43S6G Pro
"SENS Dwinci 140 cm (55 inch) QLED Ultra HD (4K) Smart Google TV With LumiSENS Panel, Dolby Vision and Dolby Atmos  (SENS55WGSQLED)","₹29,999",QLED,3,2,Google TV,Yes,140 cm (55 inch),"Ultra HD (4K), 3840 x 2160",2022,SENS55WGSQLED
Haier 108 cm (43 inch) Ultra HD (4K) LED Smart Google TV 2023 Edition with DOLBY VISION-ATMOS & Far-Field  (L43EG),"₹30,490",LED,4,2,Google TV,Yes,108 cm (43 inch),"Ultra HD (4K), 3840 x 2160",2023,L43EG
LG 139 cm (55 inch) OLED Ultra HD (4K) Smart WebOS TV  (OLED55C8PTA),"₹1,29,999",OLED,4,3,WebOS,Yes,139 cm (55 inch),"Ultra HD (4K), 3840 x 2160",2018,OLED55C8PTA
SONY X82L 138.8 cm (55 inch) Ultra HD (4K) LED Smart Google TV 2023 Edition  (KD-55X82L),"₹81,300",LED,4,2,Google TV,Yes,138.8 cm (55 inch),"Ultra HD (4K), 3840 x 2160",2023,KD-55X82L
SONY 138.8 cm (55 inch) OLED Ultra HD (4K) Smart Google TV  (XR-55A80K IN5),"₹1,46,900",OLED,4,2,Google TV,Yes,138.8 cm (55 inch),"Ultra HD (4K), 3840 x 2160",2022,XR-55A80K IN5
TOSHIBA C350LP 139 cm (55 inch) Ultra HD (4K) LED Smart Google TV 2022 Edition with Dolby Vision Atmos and REGZA Engine  (55C350LP),"₹37,999",LED,3,2,Google TV,Yes,139 cm (55 inch),"Ultra HD (4K), 3840 x 2160",2022,55C350LP
Mi 4X 138.8 cm (55 inch) Ultra HD (4K) LED Smart Android Based TV,"₹46,290",LED,3,2,Android Based,Yes,138.8 cm (55 inch),"Ultra HD (4K), 3840 x 2160",2019,L55M5-5XIN
PHILIPS 7600 Series 126 cm (50 inch) Ultra HD (4K) LED Smart Linux based TV  (50PUT7605/94),"₹28,999",LED,3,2,Linux based,Yes,126 cm (50 inch),"Ultra HD (4K), 3840 x 2160",2021,50PUT7605/94
LG 139 cm (55 inch) OLED Ultra HD (4K) Smart WebOS TV With Pixel Dimming & Magic Remote  (OLED55A2PSA),"₹89,990",OLED,3,2,WebOS,Yes,139 cm (55 inch),"Ultra HD (4K), 3840 x 2160",2022,OLED55A2PSA
TOSHIBA C350LP Series 126 cm (50 inch) Ultra HD (4K) LED Smart Google TV 2022 Edition with Dolby Vision Atmos and REGZA Engine  (50C350LP),"₹33,999",LED,3,2,Google TV,Yes,126 cm (50 inch),"Ultra HD (4K), 3840 x 2160",2022,50C350LP
Candes Frameless 81 cm (32 inch) HD Ready LED TV  (F32N001),"₹8,589",LED,2,2,Android,No,81 cm (32 inch),"HD Ready, 1366 x 768",2021,F32N001
Compaq HUEQ W40 100 cm (40 inch) Full HD LED Smart Android TV  (CQ40APFD),"₹34,999",LED,3,2,Android,Yes,100 cm (40 inch),"Full HD, 1920 x 1080",2021,CQ40APFD
"Hisense A6H 126 cm (50 inch) Ultra HD (4K) LED Smart Google TV with Hands Free Voice Control, Dolby Vision and Atmos  (50A6H)","₹30,499",LED,3,2,Google TV,Yes,126 cm (50 inch),"Ultra HD (4K), 3840 x 2160",2022,50A6H
SAMSUNG 138 cm (55 inch) QLED Ultra HD (4K) Smart Tizen TV  (QA55QE1CAKLXL),"₹62,990",QLED,3,2,Tizen,Yes,138 cm (55 inch),"Ultra HD (4K), 3840 x 2160",2023,QA55QE1CAKLXL
SONY X82L 163.9 cm (65 inch) Ultra HD (4K) LED Smart Google TV 2023 Edition  (KD-65X82L),"₹98,600",LED,4,2,Google TV,Yes,163.9 cm (65 inch),"Ultra HD (4K), 3840 x 2160",2023,KD-65X82L
LG 139 cm (55 inch) Full HD LED Smart WebOS TV  (55LH600T),"₹1,03,900",LED,3,2,WebOS,Yes,139 cm (55 inch),"Full HD, 1920 x 1080",2016,55LH600T
LG 139.7 cm (55 inch) Ultra HD (4K) LED Smart WebOS TV  (55UQ8040PSB),"₹51,833",LED,3,2,WebOS,Yes,139.7 cm (55 inch),"Ultra HD (4K), 3840 x 2160",2022,55UQ8040PSB
"Infinix X3IN 109 cm (43 inch) Full HD LED Smart Android TV 2023 Edition with EPIC Engine, Cinematic Sound, Android R, Built-in Chromecast (Wall Mount Included)  (43X3IN)","₹16,999",LED,2,2,Android,Yes,109 cm (43 inch),"Full HD, 1920 x 1080",2023,43X3IN
Coocaa Frameless 164 cm (65 inch) Ultra HD (4K) LED Smart Google TV 2022 Edition with HDR 10 Dolby Audio and Eye care technology  (65Y72),"₹43,999",LED,3,2,Google TV,Yes,164 cm (65 inch),"Ultra HD (4K), 3840 x 2160",2022,65Y72
Acer 100 cm (40 inch) Full HD LED Smart Android TV 2022 Edition  (AR40AR2841FDFL),"₹18,999",LED,2,2,Android,Yes,100 cm (40 inch),"Full HD, 1920 x 1080",2022,AR40AR2841FDFL
SONY Bravia 163.9 cm (65 inch) Ultra HD (4K) LED Smart Android TV  (KD-65X9300E),"₹1,79,999",LED,4,3,Android,Yes,163.9 cm (65 inch),"Ultra HD (4K), 3840 x 2160",2017,KD-65X9300E
Vu Premium 108 cm (43 inch) Full HD LED Smart Android TV  (43US),"₹23,990",LED,2,2,Android,Yes,108 cm (43 inch),"Full HD, 1920 x 1080",2020,43US
RGL 99 cm (39 inch) Full HD LED HomeOS TV  (RGL4001),"₹12,990",LED,2,2,HomeOS,No,99 cm (39 inch),"Full HD, 1920 x 1080",2018,RGL4001
Vu GloLED 126 cm (50 inch) Ultra HD (4K) LED Smart Google TV with DJ Subwoofer 104W  (50GloLED-3 Yrs),"₹39,999",LED,3,2,Google TV,Yes,126 cm (50 inch),"Ultra HD (4K), 3840 x 2160",2022,50GloLED-3 Yrs
SKYTRON 140 cm (55 inch) Ultra HD (4K) LED Smart WebOS TV with 30W Thunder Speaker Soundbar Web OS 2.0 TV with Bluetooth (2 Way Playback)  (S55W2UHFW),"₹29,199",LED,3,2,WebOS,Yes,140 cm (55 inch),"Ultra HD (4K), 3840 x 2160",2022,S55W2UHFW
ONIDA 80 cm (32 inch) HD Ready LED Smart VIDAA TV 2022 Edition  (32IV),"₹11,499",LED,2,2,VIDAA,Yes,80 cm (32 inch),"HD Ready, 1366 x 768",2022,32IV
Vu Premium 108 cm (43 inch) Full HD LED Smart Linux TV 2022 Edition  (43GA),"₹24,989",LED,2,2,Linux,Yes,108 cm (43 inch),"Full HD, 1920 x 1080",2022,43GA
LG C9 164 cm (65 inch) OLED Ultra HD (4K) Smart WebOS TV  (OLED65C9PTA),"₹1,99,999",OLED,4,3,WebOS,Yes,164 cm (65 inch),"Ultra HD (4K), 3840 x 2160",2019,OLED65C9PTA
LG 164 cm (65 inch) OLED Ultra HD (4K) Smart WebOS TV  (OLED65B8PTA),"₹2,29,999",OLED,4,3,WebOS,Yes,164 cm (65 inch),"Ultra HD (4K), 3840 x 2160",2018,OLED65B8PTA
LG 109.22 cm (43 inch) Ultra HD (4K) LED Smart WebOS TV  (43UM7790PTA),"₹41,890",LED,3,2,WebOS,Yes,109.22 cm (43 inch),"Ultra HD (4K), 3840 x 2160",2021,43UM7790PTA
LG B9 138 cm (55 inch) OLED Ultra HD (4K) Smart WebOS TV  (OLED55B9PTA),"₹1,19,999",OLED,4,3,WebOS,Yes,138 cm (55 inch),"Ultra HD (4K), 3840 x 2160",2019,OLED55B9PTA
LumX 80 cm (32 inch) HD Ready LED TV  (32ZA522),"₹21,900",LED,2,2,Android,No,80 cm (32 inch),"HD Ready, 1366 x 768P",2021,32ZA522
Compaq HUEQ G50B 127 cm (50 inch) Ultra HD (4K) LED Smart Android TV  (CQ50APUDBL),"₹23,999",LED,3,2,Android,Yes,127 cm (50 inch),"Ultra HD (4K), 3840 x 2160",2021,CQ50APUDBL
"Acer 127 cm (50 inch) Ultra HD (4K) LED Smart Android TV 2022 Edition with Android 11, Dolby Vision-Atmos, 60W HiFi Speakers  (AR50AR2851UDPRO)","₹41,990",LED,3,2,Android,Yes,127 cm (50 inch),"Ultra HD (4K), 3840 x 2160",2022,AR50AR2851UDPRO
"TCL 80 cm (32 inch) Full HD LED Smart Android TV 2023 Edition with Google Assistant | Full HD Android 11 TV + HDR 10 | AI-IN | T-cast | Apps: Netflix, Youtube, Prime Video & 7000+ Apps | Maximum Content: 10,62,000 Hours | Pure Entertainment  (32S5403AF)","₹11,490",LED,2,1,Android,Yes,80 cm (32 inch),"Full HD, Full HD, 1920 x 1080",2023,32S5403AF
SONY Bravia A8F 163.9 cm (65 inch) OLED Ultra HD (4K) Smart Android TV  (KD-65A8F),"₹2,59,999",OLED,4,3,Android,Yes,163.9 cm (65 inch),"Ultra HD (4K), 3840 x 2160",2018,KD-65A8F
TCL S5403A 80.04 cm (32 inch) HD Ready LED Smart Android TV with Bezel Less with Extra Brightness (Metal Body)  (32S5403A),"₹11,490",LED,2,2,Android,Yes,80.04 cm (32 inch),"HD Ready, 1366 x 768",2023,32S5403A
XElectron 108 cm (43 inch) Ultra HD (4K) LED Smart Android TV  (43XETV),"₹18,999",LED,3,2,Android,Yes,108 cm (43 inch),"Ultra HD (4K), 3840 x 2160",2022,43XETV
Panasonic FX650 Series 108 cm (43 inch) Ultra HD (4K) LED Smart Linux based TV  (TH-43FX650D),"₹41,999",LED,3,2,Linux based,Yes,108 cm (43 inch),"Ultra HD (4K), 3840 x 2160",2018,TH-43FX650D
Thomson FA Series 100 cm (40 inch) Full HD LED Smart Android TV 2023 Edition with Dolby Digital Plus & Android 11  (40RT1033),"₹15,499",LED,3,2,Android,Yes,100 cm (40 inch),"Full HD, 1080 x 1920",2023,40RT1033
Aiwa 108 cm (43 inch) Ultra HD (4K) LED Smart TV  (AS43UHDX1-GTV),"₹30,500",LED,3,2,Android,Yes,108 cm (43 inch),"Ultra HD (4K), 3840 X 2160",2022,AS43UHDX1-GTV
SONY Bravia A9F 164 cm (65 inch) OLED Ultra HD (4K) Smart Android TV  (KD-65A9F),"₹4,69,999",OLED,4,3,Android,Yes,164 cm (65 inch),"Ultra HD (4K), 3840 x 2160",2018,KD-65A9F
SONY X82L 189 cm (75 inch) Ultra HD (4K) LED Smart Google TV 2023 Edition  (KD-75X82L),"₹1,49,490",LED,4,2,Google TV,Yes,189 cm (75 inch),"Ultra HD (4K), 3840 x 2160",2023,KD-75X82L
SONY 138.8 cm (55 Inch) Ultra HD (4K) LCD Smart Google TV  (KD-55X80K),"₹74,690",LCD,4,2,Google TV,Yes,138.8 cm (55 Inch),"Ultra HD (4K), 3840 x 2160",2021,KD-55X80K
LG 122.2 cm (55 inch) OLED Ultra HD (4K) Smart WebOS TV  (OLED55C2PSC),"₹1,18,990",OLED,4,3,WebOS,Yes,122.2 cm (55 inch),"Ultra HD (4K), 3840 x 2160",2022,OLED55C2PSC
LG 164 cm (65 inch) OLED Ultra HD (4K) Smart WebOS TV  (OLED65E8PTA),"₹2,99,999",OLED,4,3,WebOS,Yes,164 cm (65 inch),"Ultra HD (4K), 3840 x 2160",2018,OLED65E8PTA
Hisense A4G Series 80 cm (32 inch) HD Ready LED Smart Android TV with DTS Virtual X  (32A4G),"₹13,999",LED,2,2,Android,Yes,80 cm (32 inch),"HD Ready, 1366 x 768",2021,32A4G
"LG 139.7 cm (55 inch) Ultra HD (4K) LED Smart WebOS TV with True Cinema Experience, Unlimited Entertainment, Realistic Gaming Experience, Low Input Lag, Thrilling Sports Experience, Wide Viewing Angle, Bluetooth Surround Ready  (55UP7740PTZ)","₹49,990",LED,2,1,WebOS,Yes,139.7 cm (55 inch),"Ultra HD (4K), 3840 x 2160",2021,55UP7740PTZ
SONY Bravia 163.9 cm (65 inch) Ultra HD (4K) LED Smart Android TV  (KD-65X8000H),"₹1,79,990",LED,4,2,Android,Yes,163.9 cm (65 inch),"Ultra HD (4K), 3840 x 2160",2020,KD-65X8000H
"Hisense A6K 189 cm (75 inch) Ultra HD (4K) LED Smart Google TV 2023 Edition with Hands Free Voice Control, Dolby Vision & Atmos and HRR 120 Hz Mode  (75A6K)","₹74,999",LED,3,2,Google TV,Yes,189 cm (75 inch),"Ultra HD (4K), 3840 x 2160",2023,75A6K
Hisense L9HE 305 cm (120 inch) Ultra HD (4K) Laser Smart VIDAA TV with Trichrom Laser Source  (120L9HE),"₹4,99,999",Laser,3,1,VIDAA,Yes,305 cm (120 inch),"Ultra HD (4K), 3840 x 2160",2023,120L9HE
LG 121.92 cm (48 inch) OLED Ultra HD (4K) Smart WebOS TV  (OLED48C1PTZ),"₹94,990",OLED,4,3,WebOS,Yes,121.92 cm (48 inch),"Ultra HD (4K), 3840 x 2160",2021,OLED48C1PTZ
BPL 109 cm (43 inch) Full HD LED Smart Android TV  (43F-A4301),"₹21,414",LED,2,2,Android,Yes,109 cm (43 inch),"Full HD, 1920 x 1080",2020,43F-A4301
LG Nanocell 139 cm (55 inch) Ultra HD (4K) LED Smart WebOS TV  (55NANO86TNA),"₹64,999",LED,4,3,WebOS,Yes,139 cm (55 inch),"Ultra HD (4K), 3840 x 2160",2020,55NANO86TNA
SONY 163.9 cm (65 inch) Ultra HD (4K) LED Smart Android TV  (KD-65X80K),"₹94,990",LED,4,2,Android,Yes,163.9 cm (65 inch),"Ultra HD (4K), 3840 x 2160",2022,KD-65X80K
SAMSUNG Series 7 138 cm (55 inch) Ultra HD (4K) LED Smart Tizen TV  (55NU7470),"₹1,44,900",LED,3,2,Tizen,Yes,138 cm (55 inch),"Ultra HD (4K), 3840 x 2160",2018,55NU7470
Panasonic 108 cm (43 inch) HD Ready LED Smart Google TV 2023 Edition  (TH-43MS660DX),"₹27,990",LED,3,2,Google TV,Yes,108 cm (43 inch),"HD Ready, 1366 x 768",2023,TH-43MS660DX
"IMPEX 139 cm (55 inch) Ultra HD (4K) LED Smart Google TV with Dolby vision and Dolby Atmos, 2 Years warranty  (evoQ 55S4RLC2)","₹40,990",LED,4,2,Google TV,Yes,139 cm (55 inch),"Ultra HD (4K), 3840 x 2160",2023,evoQ 55S4RLC2
Gangnam Street 80 cm (32 inch) HD Ready LED Smart Android TV  (LEDSTVGG3285HD27-EK),"₹9,599",LED,1,2,Android,Yes,80 cm (32 inch),"HD Ready, 1366 x 768",2022,LEDSTVGG3285HD27-EK
SONY 138.8 cm (55 Inch) Ultra HD (4K) LED Smart Google TV  (XR-55X90K),"₹1,02,999",LED,4,2,Google TV,Yes,138.8 cm (55 Inch),"Ultra HD (4K), 3840 x 2160",2022,XR-55X90K
SAMSUNG 163 cm (65 inch) Ultra HD (4K) LED Smart Tizen TV 2022 Edition  (UA65BU8000KLXL),"₹74,990",LED,3,2,Tizen,Yes,163 cm (65 inch),"Ultra HD (4K), 3840 x 2160",2022,UA65BU8000KLXL
SKYTRON 80 cm (32 inch) HD Ready LED Smart Android Based TV  (S32FHSC),"₹9,530",LED,2,2,Android Based,Yes,80 cm (32 inch),"HD Ready, 1366 x 768",2022,S32FHSC
CORNEA Bezelless 165 cm (65 inch) Ultra HD (4K) LED Smart Android TV  (65CORFLS05),"₹50,149",LED,3,3,Android,Yes,165 cm (65 inch),"Ultra HD (4K), 3840 x 2160",2022,65CORFLS05
LIMEBERRY 109 cm (43 inch) Full HD LED Smart Android TV  (43PF09BSNS4GV),"₹18,699",LED,2,2,Android,Yes,109 cm (43 inch),"Full HD, 1080",2023,43PF09BSNS4GV
"LG OLED A3 164 cm (65 inch) OLED Ultra HD (4K) Smart WebOS TV a7 AI Processor Gen6, Eye Comfort Display, Magic Remote Control  (OLED65A3PSA)","₹1,59,990",OLED,3,2,WebOS,Yes,164 cm (65 inch),"Ultra HD (4K), 3840 x 2160",2023,OLED65A3PSA
SAMSUNG QN95BAKL 163 cm (65 inch) QLED Ultra HD (4K) Smart Tizen TV  (QA65QN95BAKLXL),"₹1,89,990",QLED,4,3,Tizen,Yes,163 cm (65 inch),"Ultra HD (4K), 3840 x 2160",2022,QA65QN95BAKLXL
BITPRO 164 cm (65 inch) Ultra HD (4K) LED Smart Android TV  (BP65TVAMH65),"₹39,990",LED,3,2,Android,Yes,164 cm (65 inch),"Ultra HD (4K), 3840 x 2160",2023,BP65TVAMH65
SAMSUNG 7 138 cm (55 inch) Ultra HD (4K) LED Smart Tizen TV  (55AU7600KXXL),"₹49,790",LED,3,1,Tizen,Yes,138 cm (55 inch),"Ultra HD (4K), 3840 x 2160",2022,55AU7600KXXL
SAMSUNG Series 8 189 cm (75 inch) Ultra HD (4K) LED Smart Tizen TV  (UA75NU8000KXXL),"₹5,98,900",LED,4,2,Tizen,Yes,189 cm (75 inch),"Ultra HD (4K), 3840 x 2160",2018,UA75NU8000KXXL
SONY Bravia 163.9 cm (65 inch) Ultra HD (4K) LED Smart Google TV  (KD-65X80J),"₹94,990",LED,4,2,Google TV,Yes,163.9 cm (65 inch),"Ultra HD (4K), 3840 x 2160",2021,KD-65X80J
SAMSUNG 8 163 cm (65 inch) QLED Ultra HD (4K) Smart Tizen TV  (QA65Q80AAKLXL),"₹1,34,991",QLED,4,2,Tizen,Yes,163 cm (65 inch),"Ultra HD (4K), 3840 x 2160",2021,QA65Q80AAKLXL
"Panasonic 139 cm (55 inch) Ultra HD (4K) LED Smart Google TV with GOOGLE TV ,4K  (TH-55MX850DX)","₹66,719",LED,3,2,Google TV,Yes,139 cm (55 inch),"Ultra HD (4K), 3840*2160",2023,TH-55MX850DX
SAMSUNG 163 cm (65 inch) Ultra HD (4K) LED Smart Tizen TV with Crystal 4K UHD Smart TV  (UA65CU7650KLXL),"₹69,990",LED,3,1,Tizen,Yes,163 cm (65 inch),"Ultra HD (4K), 3840x2160",2023,UA65CU7650KLXL
Blaupunkt CyberSound G2 Series 164 cm (65 inch) Ultra HD (4K) LED Smart Google TV 2023 Edition with Dolby Atmos & 60 W Sound Output  (65CSGT7024),"₹42,999",LED,3,2,Google TV,Yes,164 cm (65 inch),"Ultra HD (4K), 3840 x 2160",2023,65CSGT7024
SAMSUNG 6 163 cm (65 inch) QLED Ultra HD (4K) Smart Tizen TV  (QA65Q60AAKLXL),"₹1,04,990",QLED,3,2,Tizen,Yes,163 cm (65 inch),"Ultra HD (4K), 3840 x 2160",2021,QA65Q60AAKLXL
SAMSUNG 80 cm (32 inch) HD Ready LED Smart Tizen TV  (UA32T4360AKXXL),"₹16,001",LED,2,1,Tizen,Yes,80 cm (32 inch),"HD Ready, 1366 x 768",2022,UA32T4360AKXXL
LG Nanocell 190 cm (75 inch) Ultra HD (4K) LED Smart WebOS TV  (75NANO91TNA),"₹4,45,044",LED,4,3,WebOS,Yes,190 cm (75 inch),"Ultra HD (4K), 3840 x 2160",2020,75NANO91TNA
LG 190.5 cm (75 inch) Ultra HD (4K) LED Smart WebOS TV with LG Content Store  (75UP8000PTZ),"₹1,29,990",LED,3,2,WebOS,Yes,190.5 cm (75 inch),"Ultra HD (4K), 3840 x 2160",2021,75UP8000PTZ
ZEBRONICS 80 cm (32 inch) HD Ready LED Smart Android Based TV 2023 Edition  (Zeb-32P1),"₹10,999",LED,2,2,Android Based,Yes,80 cm (32 inch),"HD Ready, 1366 x 768",2023,Zeb-32P1
SAMSUNG Neo QLED 138 cm (55 inch) QLED Ultra HD (4K) Smart Tizen TV  (QA55QN85CAKLXL),"₹99,990",QLED,4,2,Tizen,Yes,138 cm (55 inch),"Ultra HD (4K), 3840 x 2160",2023,QA55QN85CAKLXL
SAMSUNG 163 cm (65 inch) Ultra HD (4K) LED Smart Tizen TV  ((UA65AU8000),"₹69,990",LED,3,2,Tizen,Yes,163 cm (65 inch),"Ultra HD (4K), 4k",2021,(UA65AU8000
BITPRO 152 cm (60 inch) Ultra HD (4K) LED Smart Android TV  (BP60TVAMH60),"₹29,990",LED,3,2,Android,Yes,152 cm (60 inch),"Ultra HD (4K), 3840 x 2160",2023,BP60TVAMH60
Haier 80 cm (32 inch) HD Ready LED Smart Google TV  (LE32W400G),"₹19,990",LED,3,2,Google TV,Yes,80 cm (32 inch),"HD Ready, 1366 x 768",2023,LE32W400G
XElectron 60 cm (24 inch) HD Ready LED TV  (24STV),"₹5,499",LED,1,2,Android,No,60 cm (24 inch),"HD Ready, 1366 x 768",2023,24STV
SAMSUNG QN95BAKL 138 cm (55 inch) QLED Ultra HD (4K) Smart Tizen TV  (QA55QN95BAKLXL),"₹1,24,990",QLED,4,3,Tizen,Yes,138 cm (55 inch),"Ultra HD (4K), 3840 x 2160",2022,QA55QN95BAKLXL
SAMSUNG AU7700 189 cm (75 inch) Ultra HD (4K) LED Smart Tizen TV 2022 Edition  (UA75AU7700KXXL),"₹1,25,990",LED,3,1,Tizen,Yes,189 cm (75 inch),"Ultra HD (4K), 3840 x 2160",2022,UA75AU7700KXXL
SAMSUNG UHD 8 Series 108 cm (43 inch) Ultra HD (4K) LED Smart Linux TV  (UN43TU8000FXZA),"₹37,990",LED,3,2,Linux,Yes,108 cm (43 inch),"Ultra HD (4K), 3840 x 2160",2020,UN43TU8000FXZA
IMPEX 80 cm (32 inch) HD Ready LED Smart TV  (Grande),"₹11,999",LED,3,2,Android,Yes,80 cm (32 inch),"HD Ready, 1366 x 768",2019,Grande
SAMSUNG Q60BAKL 138 cm (55 inch) QLED Ultra HD (4K) Smart Tizen TV  (QA55Q60BAKLXL),"₹71,900",QLED,3,2,Tizen,Yes,138 cm (55 inch),"Ultra HD (4K), 3840 x 2160",2022,QA55Q60BAKLXL
V-SKY 80 cm (32 inch) HD Ready LED Smart TV  (Smart Android Series (32EK260)),"₹7,999",LED,1,2,Android,Yes,80 cm (32 inch),"HD Ready, 1280x720$$Pixels",2023,Smart Android Series (32EK260)
SAMSUNG Q80BAKL 163 cm (65 inch) QLED Ultra HD (4K) Smart Tizen TV  (QA65Q80BAKLXL),"₹1,61,915",QLED,4,2,Tizen,Yes,163 cm (65 inch),"Ultra HD (4K), 3840 x 2160",2022,QA65Q80BAKLXL
CORNEA Bezelless 127 cm (50 inch) Ultra HD (4K) LED Smart Android TV  (50CORFLS05),"₹25,499",LED,3,2,Android,Yes,127 cm (50 inch),"Ultra HD (4K), 3840 x 2160",2022,50CORFLS05
SAMSUNG Q80BAKL 138 cm (55 inch) QLED Ultra HD (4K) Smart Tizen TV  (QA55Q80BAKLXL),"₹84,990",QLED,4,2,Tizen,Yes,138 cm (55 inch),"Ultra HD (4K), 3840 x 2160",2022,QA55Q80BAKLXL
SONY Bravia 80 cm (32 inch) HD Ready LED Smart Linux based TV  (KDL-32W6100),"₹28,489",LED,2,2,Linux based,Yes,80 cm (32 inch),"HD Ready, 1366 x 768",2020,KDL-32W6100
LG 109 cm (43 inch) Ultra HD (4K) LED Smart WebOS TV with 2023 Edition  (43UQ7300PTA),"₹34,095",LED,3,2,WebOS,Yes,109 cm (43 inch),"Ultra HD (4K), 3,840 x 2160 4K Ultra HD",2023,43UQ7300PTA
LG 81.28 cm (32 inch) Full HD LED Smart WebOS TV  (32LQ636B),"₹20,399",LED,2,2,WebOS,Yes,81.28 cm (32 inch),"Full HD, 1366 x 768",2021,32LQ636B
SONY 108 cm (43 Inch) Ultra HD (4K) LED Smart Google TV  (KD-43X80K),"₹59,990",LED,4,2,Google TV,Yes,108 cm (43 Inch),"Ultra HD (4K), 3840 x 2160",2022,KD-43X80K
LG 164 cm (65 inch) OLED Ultra HD (4K) Smart WebOS TV  (OLED65C2PSC),"₹1,93,395",OLED,4,3,WebOS,Yes,164 cm (65 inch),"Ultra HD (4K), 3840 x 2160",2022,OLED65C2PSC
LIMEBERRY 165 cm (65 inch) Ultra HD (4K) LED Smart Android TV  (65MU11SSSB5GV),"₹49,499",LED,3,2,Android,Yes,165 cm (65 inch),"Ultra HD (4K), 3840 x 2160",2023,65MU11SSSB5GV
LG Nanocell 164 cm (65 inch) Ultra HD (4K) LED Smart WebOS TV  (65NANO80TNA),"₹99,990",LED,4,2,WebOS,Yes,164 cm (65 inch),"Ultra HD (4K), 3840 x 2160",2020,65NANO80TNA
T-Series ECO 80 cm (32 inch) HD Ready LED Linux TV  (TX80BIS),"₹11,990",LED,2,2,Linux,No,80 cm (32 inch),"HD Ready, 1366 x 768",2019,TX80BIS
LG 164 cm (65 inch) OLED Ultra HD (4K) Smart WebOS TV  (OLED65C2XSC),"₹1,79,990",OLED,4,3,WebOS,Yes,164 cm (65 inch),"Ultra HD (4K), 3840 x 2160",2022,OLED65C2XSC
SONY Bravia 139 cm (55 inch) Ultra HD (4K) LED Smart TV  (KD-55X85J),"₹84,990",LED,4,2,Google TV,Yes,139 cm (55 inch),"Ultra HD (4K), 3840 x 2160",2021,KD-55X85J
Panasonic 109 cm (43 inch) Ultra HD (4K) LED Smart Android TV  (TH-43LX750DX),"₹37,950",LED,3,2,Android,Yes,109 cm (43 inch),"Ultra HD (4K), 3840 x 2160",2022,TH-43LX750DX
SAMSUNG QN90BAKL 138 cm (55 inch) QLED Ultra HD (4K) Smart Tizen TV  (QA55QN90BAKLXL),"₹1,14,990",QLED,4,2,Tizen,Yes,138 cm (55 inch),"Ultra HD (4K), 3840 x 2160",2022,QA55QN90BAKLXL
Lloyd 109 cm (43 inch) Full HD LED Smart Android TV  (43FS550C),"₹27,990",LED,3,2,Android,Yes,109 cm (43 inch),"Full HD, 1920 x 1080",2021,43FS550C
Gangnam Street 80 cm (32 inch) HD Ready LED TV  (LEDATGG32HDEKK),"₹8,099",LED,2,2,Analog,No,80 cm (32 inch),"HD Ready, 1366 x 768",2022,LEDATGG32HDEKK
LG 165.1 cm (65 inch) OLED Ultra HD (4K) Smart WebOS TV  (OLED65G1PTZ),"₹2,19,990",OLED,4,3,WebOS,Yes,165.1 cm (65 inch),"Ultra HD (4K), 3840 x 2160",2021,OLED65G1PTZ
IMPEX GRANDE 65 SMART AU00 164 cm (65 inch) Ultra HD (4K) LED Smart Android TV  (GRANDE 65 SMART AU00),"₹56,900",LED,4,2,Android,Yes,164 cm (65 inch),"Ultra HD (4K), 3840 x 2160",2022,GRANDE 65 SMART AU00
Panasonic 165 cm (65 inch) Ultra HD (4K) LED Smart Android TV  (TH-65LX850DX),"₹81,540",LED,3,2,Android,Yes,165 cm (65 inch),"Ultra HD (4K), 3840 x 2160",2022,TH-65LX850DX
SAMSUNG 138 cm (55 inch) Ultra HD (4K) LED Smart Tizen TV 2022 Edition  (UA55BU8000KLXL),"₹55,990",LED,3,2,Tizen,Yes,138 cm (55 inch),"Ultra HD (4K), 3840 x 2160",2022,UA55BU8000KLXL
XElectron 80 cm (32 inch) HD Ready LED TV  (32STV),"₹7,299",LED,2,2,Android,No,80 cm (32 inch),"HD Ready, 1366 x 768",2023,32STV
LG Nanocell 123 cm (49 inch) Ultra HD (4K) LED Smart WebOS TV  (49NANO80TNA),"₹54,990",LED,4,2,WebOS,Yes,123 cm (49 inch),"Ultra HD (4K), 3840 x 2160",2020,49NANO80TNA
SAMSUNG The Frame 138 cm (55 inch) QLED Ultra HD (4K) Smart Tizen TV with Matte Display  (QA55LS03BAKLXL),"₹82,890",QLED,4,2,Tizen,Yes,138 cm (55 inch),"Ultra HD (4K), 3840 x 2160",2022,QA55LS03BAKLXL
SONY 126 cm (50 Inch) Ultra HD (4K) LED Smart Google TV  (KD-50X80K),"₹75,990",LED,4,2,Google TV,Yes,126 cm (50 Inch),"Ultra HD (4K), 3840 x 2160",2022,KD-50X80K
SAMSUNG Q60BAK 189 cm (75 inch) QLED Ultra HD (4K) Smart Tizen TV  (QA75Q60BAKXXL),"₹2,74,790",QLED,3,2,Tizen,Yes,189 cm (75 inch),"Ultra HD (4K), 3840 x 2160",2022,QA75Q60BAKXXL
Feltron 109 cm (43 inch) Full HD LED Smart Android TV with Elegant frame with a bezel-less design.  (FT4309SFL),"₹24,590",LED,2,2,Android,Yes,109 cm (43 inch),"Full HD, 1920×1080p",2023,FT4309SFL
SONY 215 cm (85 inch) Ultra HD (4K) LED Smart Android TV  (XR-85X95K),"₹5,13,790",LED,4,2,Android,Yes,215 cm (85 inch),"Ultra HD (4K), 3840 x 2160",2022,XR-85X95K
Panasonic 110 cm (43 inch) Ultra HD (4K) LED Smart TV  (TH-43LX700DX),"₹34,990",LED,2,2,Android,Yes,110 cm (43 inch),"Ultra HD (4K), 3840 x 2160",2022,TH-43LX700DX
Samtonic 104 cm (40 inch) Full HD LED Smart Android TV  (ST-4102S),"₹14,999",LED,2,2,Android,Yes,104 cm (40 inch),"Full HD, 1920X1080",2023,ST-4102S
LG 177 cm (70 inch) Ultra HD (4K) LED Smart WebOS TV  (70UQ8040PSB),"₹93,990",LED,3,2,WebOS,Yes,177 cm (70 inch),"Ultra HD (4K), 3840 x 2160",2022,70UQ8040PSB
LIMEBERRY 127 cm (50 inch) Ultra HD (4K) LED Smart Android TV with Additional Voice Remote  (LB50MU11BSNS5GV),"₹31,899",LED,3,2,Android,Yes,127 cm (50 inch),"Ultra HD (4K), 3840x2160",2023,LB50MU11BSNS5GV
SAMSUNG 108 cm (43 inch) Full HD LED Smart Tizen TV  (UA43T5500AKXXL),"₹31,990",LED,2,1,Tizen,Yes,108 cm (43 inch),"Full HD, 1920 x 1080",2020,UA43T5500AKXXL
LIMEBERRY 127 cm (50 inch) OLED Ultra HD (4K) Smart Android TV  (LB49OU11SSPS5GV),"₹49,499",OLED,3,2,Android,Yes,127 cm (50 inch),"Ultra HD (4K), 3840 x 2160",2023,LB49OU11SSPS5GV
LG Nanocell 164 cm (65 inch) Ultra HD (4K) LED Smart WebOS TV  (65NANO86TNA),"₹88,999",LED,4,3,WebOS,Yes,164 cm (65 inch),"Ultra HD (4K), 3840 x 2160",2020,65NANO86TNA
CORNEA Bezelless 110 cm (43 inch) Full HD LED Smart Android TV  (43CORFLS05),"₹16,999",LED,2,2,Android,Yes,110 cm (43 inch),"Full HD, 1920 x 1080",2022,43CORFLS05
Haier 126 cm (50 inch) Ultra HD (4K) LED Smart TV  (LE50K7700HQGA),"₹37,990",LED,4,2,Android,Yes,126 cm (50 inch),"Ultra HD (4K), 3840 x 2160",2021,LE50K7700HQGA
LG 165.1 cm (65 inch) Ultra HD (4K) LED Smart WebOS TV  (65NANO83TPZ),"₹1,14,900",LED,4,2,WebOS,Yes,165.1 cm (65 inch),"Ultra HD (4K), 3840 x 2160",2021,65NANO83TPZ
Aiwa 80 cm (32 inch) HD Ready LED Smart TV  (AS32HDX1-GTV),"₹13,999",LED,3,2,Android,Yes,80 cm (32 inch),"HD Ready, 1366 X 768",2022,AS32HDX1-GTV
LG 109.22 cm (43 inch) Ultra HD (4K) LED Smart WebOS TV  (43UP7750PTZ),"₹37,092",LED,2,1,WebOS,Yes,109.22 cm (43 inch),"Ultra HD (4K), 3840 x 2160",2021,43UP7750PTZ
Hyundai 80 cm (32 inch) HD Ready LED Smart Android Based TV  (SMTHY32HDBE1),"₹9,999",LED,2,2,Android Based,Yes,80 cm (32 inch),"HD Ready, 1366 x 768",2023,SMTHY32HDBE1
LG 165.1 cm (65 inch) Ultra HD (8K) LED Smart WebOS TV  (65NANO95TNA),"₹1,79,990",LED,4,3,WebOS,Yes,165.1 cm (65 inch),"Ultra HD (8K), 7680 x 4320",2021,65NANO95TNA
AYKON 81 cm (32 inch) Full HD LED Smart Android Based TV 2023 Edition  (AK3236C),"₹9,499",LED,2,2,Android Based,Yes,81 cm (32 inch),"Full HD, 1366 x 768",2023,AK3236C
ONIDA 43 cm (107 inch) Ultra HD (4K) LED Smart TV with ONIDA  (43UIG-R),"₹27,999",LED,3,2,FireOS,Yes,43 cm (107 inch),"Ultra HD (4K), 3840×2160$$Pixels",2023,43UIG-R
Hyundai 80 cm (32 inch) HD Ready LED Smart Android Based TV 2022 Edition  (SMTHY32HDB52YW),"₹11,490",LED,2,2,Android Based,Yes,80 cm (32 inch),"HD Ready, 1366 x 768",2022,SMTHY32HDB52YW
Mi Q1 138.8 cm (55 inch) QLED Ultra HD (4K) Smart Android TV With Dolby Vision and 30W Audio,"₹59,999",QLED,3,2,Android,Yes,138.8 cm (55 inch),"Ultra HD (4K), 3840 x 2160",2020,L55M6-EQG
LG 139 cm (55 Inch) OLED Ultra HD (4K) Smart WebOS TV  (OLED55G2PSA),"₹1,39,990",OLED,4,3,WebOS,Yes,139 cm (55 Inch),"Ultra HD (4K), 3840 x 2160",2022,OLED55G2PSA
smart s tech 127 cm (50 inch) Ultra HD (4K) LED Smart TV  (50INSMART-0),"₹27,899",LED,2,2,Not Specified,Yes,127 cm (50 inch),"Ultra HD (4K), 3840 x 2160",2022,50INSMART-0
VG 108 cm (43 inch) Full HD LED Smart Android Based TV  (VG43FCB1SYHZ44E),"₹19,490",LED,2,2,Android Based,Yes,108 cm (43 inch),"Full HD, 1920 x 1080",2022,VG43FCB1SYHZ44E
SAMSUNG N Series 108 cm (43 inch) Full HD LED Smart Tizen TV with Beamforming Sound Technology  (UA43N5370AUXXL),"₹46,500",LED,4,3,Tizen,Yes,108 cm (43 inch),"Full HD, 1920 x 1080",2022,UA43N5370AUXXL
LG 81.28 cm (32 inch) Full HD LED Smart WebOS TV  (32LQ645BPTA),"₹17,399",LED,3,2,WebOS,Yes,81.28 cm (32 inch),"Full HD, 1,366 x 768",2022,32LQ645BPTA
SAMSUNG Neo QLED 125 cm (50 inch) QLED Ultra HD (4K) Smart Tizen TV  (QA50QN90CAKLXL),"₹1,41,990",QLED,4,2,Tizen,Yes,125 cm (50 inch),"Ultra HD (4K), 3840 x 2160",2023,QA50QN90CAKLXL
Hisense U6G Series 164 cm (65 inch) QLED Ultra HD (4K) Smart Android TV Full Array Local Dimming  (65U6G),"₹75,900",QLED,3,2,Android,Yes,164 cm (65 inch),"Ultra HD (4K), 3840 x 2160",2021,65U6G
"Panasonic 108 cm (43 inch) Full HD LED Smart TV with FHD,Vivid Didital Pro,AccuView Display,,Dolby Digital  (TH-43MS550DX)","₹24,999",LED,2,1,Android,Yes,108 cm (43 inch),"Full HD, 1920 x 1080",2023,TH-43MS550DX
ZEBRONICS 80 cm (32 inch) HD Ready LED Smart Android Based TV 2023 Edition  (Zeb-32P2),"₹11,999",LED,2,2,Android Based,Yes,80 cm (32 inch),"HD Ready, 1366 x 768",2023,Zeb-32P2
LG 122 cm (48 inch) OLED Ultra HD (4K) Smart WebOS TV  (48C1),"₹94,990",OLED,4,3,WebOS,Yes,122 cm (48 inch),"Ultra HD (4K), 3840 x 2160",2021,48C1
Vu Masterpiece Glo 139 cm (55 inch) QLED Ultra HD (4K) Smart Android TV With 3 Years warranty  (55 QMP),"₹71,480",QLED,4,2,Android,Yes,139 cm (55 inch),"Ultra HD (4K), 3840 x 2160",2022,55 QMP
LG 80 cm (32 inch) HD Ready LED TV  (32LK526BPTA),"₹19,900",LED,2,1,Linux,No,80 cm (32 inch),"HD Ready, 1366 x 768",2018,32LK526BPTA
iMEE Elite 80 cm (32 inch) HD Ready LED Smart Android TV with with SRS Surround Sound (BEE 5 Star)  (ELITE-32SFL-Silver),"₹12,699",LED,2,2,Android,Yes,80 cm (32 inch),"HD Ready, 1366 x 768",2021,ELITE-32SFL-Silver
SAMSUNG 125 cm (50 inch) Ultra HD (4K) LED Smart Tizen TV  (UA50BU8000KLXL),"₹77,990",LED,3,2,Tizen,Yes,125 cm (50 inch),"Ultra HD (4K), 3840 x 2160",2021,UA50BU8000KLXL
LG 126 cm (50 inch) Ultra HD (4K) LED Smart WebOS TV  (50UQ8040PSB),"₹47,990",LED,3,2,WebOS,Yes,126 cm (50 inch),"Ultra HD (4K), 3840 x 2160",2022,50UQ8040PSB
LG 164 cm (65 inch) Ultra HD (4K) LED Smart WebOS TV  (65UN7300PTC),"₹1,11,990",LED,3,2,WebOS,Yes,164 cm (65 inch),"Ultra HD (4K), 3840 x 2160",2020,65UN7300PTC
SONY Bravia 163.9 cm (65 inch) Ultra HD (4K) LED Smart Google TV 2022 Edition  (KD-65X75K),"₹84,540",LED,3,2,Google TV,Yes,163.9 cm (65 inch),"Ultra HD (4K), 3840 x 2160",2022,KD-65X75K
cenit 80 cm (32 inch) Full HD LED Smart Android TV  (CG32SFL),"₹19,999",LED,2,2,Android,Yes,80 cm (32 inch),"Full HD, 1366 x 768",2022,CG32SFL
SONY 164 cm (65 inch) OLED Ultra HD (4K) Smart TV  (KD-65A80K),"₹2,39,990",OLED,4,2,Android,Yes,164 cm (65 inch),"Ultra HD (4K), 3840 x 2160",2022,KD-65A80K
Krisa 110 cm (43 inch) HD Ready LED Smart Android TV 2022 Edition  (KR434001S),"₹17,790",LED,2,2,Android,Yes,110 cm (43 inch),"HD Ready, 1920x1080",2022,KR434001S
Wybor 60 cm (32 inch) SD LED TV with 1 year warranty  (32WHN-53),"₹9,500",LED,2,2,Linux,No,60 cm (32 inch),"SD, 1366 x 768",2023,32WHN-53
SAMSUNG 138 cm (55 inch) QLED Ultra HD (4K) Smart Tizen TV Tizen  (QA55Q60CAKLXL),"₹70,999",QLED,3,2,Tizen,Yes,138 cm (55 inch),"Ultra HD (4K), 3840 x 2160",2023,QA55Q60CAKLXL
BPL 165 cm (65 inch) Ultra HD (4K) LED Smart Android TV  (65U-A4310),"₹56,990",LED,3,2,Android,Yes,165 cm (65 inch),"Ultra HD (4K), 3840 x 2160",2021,65U-A4310
Samtonic 110 cm (43 inch) Full HD LED Smart Android TV  (ST-4301SF),"₹17,499",LED,2,2,Android,Yes,110 cm (43 inch),"Full HD, 1920X1080",2023,ST-4301SF
LG 123 cm (49 inch) Ultra HD (4K) LED Smart WebOS TV  (49UK6360PTE),"₹68,900",LED,3,2,WebOS,Yes,123 cm (49 inch),"Ultra HD (4K), 3840 x 2160",2018,49UK6360PTE
Panwood 124 cm (50 inch) Ultra HD (4K) LED Smart TV  (PNWDL50MR),"₹26,837",LED,3,3,Android,Yes,124 cm (50 inch),"Ultra HD (4K), 3840 x 2160",2023,PNWDL50MR
LG 139 cm (55 inch) Ultra HD (4K) LED Smart WebOS TV  (55UQ7550PSF),"₹49,990",LED,3,1,WebOS,Yes,139 cm (55 inch),"Ultra HD (4K), 3840 x 2160",2022,55UQ7550PSF
SAMSUNG Neo QLED 189 cm (75 inch) QLED Ultra HD (8K) Smart Tizen TV  (QA75QN800CKXXL),"₹7,34,990",QLED,4,3,Tizen,Yes,189 cm (75 inch),"Ultra HD (8K), 7680 x 4320",2023,QA75QN800CKXXL
LG 106 cm (42 inch) OLED Ultra HD (4K) Smart WebOS TV  (OLED42C2PSA),"₹87,990",OLED,2,2,WebOS,Yes,106 cm (42 inch),"Ultra HD (4K), 3840 x 2160",2022,OLED42C2PSA
iMEE Signature 140 cm (55 inch) Ultra HD (4K) LED Smart Android TV  (SIGNATURE-55SFLVC),"₹42,899",LED,3,2,Android,Yes,140 cm (55 inch),"Ultra HD (4K), 3840 x 2160",2022,SIGNATURE-55SFLVC
"LG UQ7500 164 cm (65 inch) Ultra HD (4K) LED Smart WebOS TV 2022 Edition with Filmmaker Mode, AI Sound & Active HDR  (65UQ7500PSF)","₹69,990",LED,3,1,WebOS,Yes,164 cm (65 inch),"Ultra HD (4K), 3840 x 2160",2022,65UQ7500PSF
Hyundai 60 cm (24 inch) HD Ready LED TV  (ATHY24K4HDV531W),"₹12,000",LED,2,2,Android,No,60 cm (24 inch),"HD Ready, 1366 x 768",2021,ATHY24K4HDV531W
LG 108 cm (43 inch) Ultra HD (4K) LED Smart WebOS TV with 2023 Model  (43UQ7350PTA),"₹34,990",LED,3,2,WebOS,Yes,108 cm (43 inch),"Ultra HD (4K), 4K Ultra HD (3,840 x 2,160)",2023,43UQ7350PTA
LG 139 cm (55 inch) OLED Ultra HD (4K) Smart WebOS TV  (OLED55C2PSC),"₹1,19,990",OLED,4,3,WebOS,Yes,139 cm (55 inch),"Ultra HD (4K), 3840 x 2160",2022,OLED55C2PSC
VG 80 cm (32 inch) HD Ready LED TV  (VG32HB501E),"₹7,690",LED,2,2,Android,No,80 cm (32 inch),"HD Ready, 1366 x 768",2022,VG32HB501E
TCL D311 79.97 cm (32 inch) HD Ready LED TV with 60Hz Refresh Rate  (32D311),"₹13,989",LED,2,1,Android,No,79.97 cm (32 inch),"HD Ready, 1366 x 768",2021,32D311
"LG 189 cm (75 inch) Ultra HD (4K) QNED Smart WebOS TV with a7 AI Processor 4K Gen6, 120 Hz Refresh Rate, Magic Remote Control  (75QNED80SRA)","₹3,15,990",QNED,4,2,WebOS,Yes,189 cm (75 inch),"Ultra HD (4K), 3840 x 2160",2023,75QNED80SRA
REDMI 80 cm (32 inch) HD Ready LED Smart Android TV 2023 Edition  (L32R8-FVIN),"₹15,199",LED,2,2,Android,Yes,80 cm (32 inch),"HD Ready, 1366x768",2023,L32R8-FVIN
SONY 108 cm (43 inch) Full HD LED Smart Google TV  (43W880K),"₹43,500",LED,3,2,Google TV,Yes,108 cm (43 inch),"Full HD, 1920 x 1080",2022,43W880K
smart s tech 127 cm (50 inch) Ultra HD (4K) LED Smart TV  (50INSMART-06),"₹27,898",LED,2,2,Not Specified,Yes,127 cm (50 inch),"Ultra HD (4K), 3840 x 2160",2022,50INSMART-06
smart s tech 127 cm (50 inch) Ultra HD (4K) LED Smart TV  (50INSMART-09),"₹27,399",LED,2,2,Not Specified,Yes,127 cm (50 inch),"Ultra HD (4K), 3840 x 2160",2022,50INSMART-09
"Acer I Series 139 cm (55 inch) Ultra HD (4K) LED Smart Android TV 2022 Edition with Android 11, 30W Dolby Audio, MEMC (2022 Model)  (AR55AR2851UDFL)","₹46,990",LED,3,2,Android,Yes,139 cm (55 inch),"Ultra HD (4K), 3840 x 2160",2022,AR55AR2851UDFL
Aiwa Magnifiq 80 cm (32 inch) HD Ready LED Smart Android TV with 2 Years warranty | 2022 Model  (A32HDX1),"₹11,989",LED,2,2,Android,Yes,80 cm (32 inch),"HD Ready, 1366 x 768",2022,A32HDX1
Sansui 178 cm (70 inch) Ultra HD (4K) LED Smart TV  (JSW70ASUHDFF),"₹64,990",LED,3,2,Google TV,Yes,178 cm (70 inch),"Ultra HD (4K), 3840 x 2160",2020,JSW70ASUHDFF
iMEE Elite 80 cm (32 Inch) HD Ready LED Smart Android TV with with SRS Surround Sound (BEE 5 Star)  (ELITE-32SFL-White),"₹12,999",LED,2,2,Android,Yes,80 cm (32 Inch),"HD Ready, 1366 x 768",2021,ELITE-32SFL-White
VG 80 cm (32 inch) HD Ready LED Smart Android Based TV  (VG32HC441E),"₹10,490",LED,2,2,Android Based,Yes,80 cm (32 inch),"HD Ready, 1366 x 768",2022,VG32HC441E
SAMSUNG 139 cm (55 inch) Ultra HD (4K) LED Smart Tizen TV  (UA55AU7600KXXL),"₹47,990",LED,3,1,Tizen,Yes,139 cm (55 inch),"Ultra HD (4K), 3840 x 2160",2022,UA55AU7600KXXL
SAMSUNG 80 cm (32 inch) HD Ready LED Linux based TV  (UA32T4050ARXXL),"₹13,990",LED,2,1,Linux based,No,80 cm (32 inch),"HD Ready, 1366 x 768",2019,UA32T4050ARXXL
Cellecor 108 cm (43 inch) Full HD LED Smart Android TV  (E43V),"₹20,899",LED,2,2,Android,Yes,108 cm (43 inch),"Full HD, 1920 x 1080",2022,E43V
iMEE Premium 80 cm (32 inch) HD Ready LED Smart Android TV with with SRS Surround Sound (BEE 5 Star)  (PREMIUM-32S-Champagne),"₹9,499",LED,2,2,Android,Yes,80 cm (32 inch),"HD Ready, 1366 x 768",2021,PREMIUM-32S-Champagne
STARSHINE 80 cm (32 inch) HD Ready LED Smart TV  (ATPL-3400),"₹10,999",LED,2,2,Android,Yes,80 cm (32 inch),"HD Ready, 1920 x 1080",2022,ATPL-3400
Panwood 109 cm (43 inch) Full HD LED Smart TV  (PNWDL43MR),"₹15,437",LED,2,3,Android,Yes,109 cm (43 inch),"Full HD, 1920 x 1080",2023,PNWDL43MR
"SAMSUNG 109 cm (43 inch) Ultra HD (4K) LED Smart Tizen TV with Dynamic Crystal Color, AirSlim Design, Crystal Processor, 4K Smart Hub  (UA43CU8000)","₹41,990",LED,3,2,Tizen,Yes,109 cm (43 inch),"Ultra HD (4K), 3840×2160",2023,UA43CU8000
AYKON 81 cm (32 inch) Full HD LED Smart Android Based TV 2023 Edition  (AK3248F),"₹11,140",LED,2,2,Android Based,Yes,81 cm (32 inch),"Full HD, 1366 x 768",2023,AK3248F
SAMSUNG 80 cm (32 Inch) HD Ready LED Smart Tizen TV  (UA32T4600AKXXL),"₹21,490",LED,2,1,Tizen,Yes,80 cm (32 Inch),"HD Ready, 1366 x 768",2021,UA32T4600AKXXL
SONY Bravia 108 cm (43 inch) Ultra HD (4K) LED Smart Android TV  (KD-43X75),"₹44,990",LED,3,2,Android,Yes,108 cm (43 inch),"Ultra HD (4K), 3840 x 2160",2021,KD-43X75
T-Series 80 cm (32 inch) HD Ready LED Smart Android Based TV with Warranty Card  (S3201-BL),"₹10,440",LED,2,2,Android Based,Yes,80 cm (32 inch),"HD Ready, 1366 x 768",2022,S3201-BL
SNS 80 cm (32 inch) HD Ready LED Smart Android Based TV  (S32H344E),"₹9,790",LED,2,2,Android Based,Yes,80 cm (32 inch),"HD Ready, 1366 x 768",2022,S32H344E
Uniboom 80 cm (32 inch) HD Ready LED Smart TV with | Boom Speakers | Frameless | Cloud Certified Android | Screen Cast | Certified Apps | Mobile Voice |  (32SR-MAXIMA),"₹12,990",LED,2,2,Android,Yes,80 cm (32 inch),"HD Ready, 1366 x 768",2023,32SR-MAXIMA
SAMSUNG QN90BAK 189 cm (75 inch) QLED Ultra HD (4K) Smart Tizen TV  (QA75QN90BAKXXL),"₹3,89,990",QLED,4,2,Tizen,Yes,189 cm (75 inch),"Ultra HD (4K), 3840 x 2160",2022,QA75QN90BAKXXL
Lloyd 80 cm (32 inch) HD Ready LED Smart TV  (32HS680A),"₹14,890",LED,2,2,Android,Yes,80 cm (32 inch),"HD Ready, 1366 x 768",2019,32HS680A
SONY 80 cm (32 inch) HD Ready LED Smart Google TV with With Alexa Compatibility  (KD-32W830K),"₹27,990",LED,3,2,Google TV,Yes,80 cm (32 inch),"HD Ready, 1366x768",2022,KD-32W830K
Lloyd QX900D 140 cm (55 inch) QLED Ultra HD (4K) Smart Android TV QLED  (55QX900D),"₹50,999",QLED,3,2,Android,Yes,140 cm (55 inch),"Ultra HD (4K), 3840*2160",2022,55QX900D
SAMSUNG The Frame 2021 Series 125 cm (50 inch) QLED Ultra HD (4K) Smart Tizen TV  (QA50LS03AAKLXL),"₹75,990",QLED,4,2,Tizen,Yes,125 cm (50 inch),"Ultra HD (4K), 3840 x 2160",2021,QA50LS03AAKLXL
"AGE 126 cm (50 inch) Ultra HD (4K) LED Smart Android TV with Certified Android TV, Chromecast Built-In, Voice Search Enabled Remote, Android 11.0, HDR 10, Ultra Slim body, Netflix, Hotstar, Amazon Prime  (PRO 50 NXT VC)","₹31,990",LED,3,2,Android,Yes,126 cm (50 inch),"Ultra HD (4K), 3840 X 2160",2022,PRO 50 NXT VC
LG 108 cm (43 inch) Ultra HD (4K) LED Smart WebOS TV  (43UP7500PTZ),"₹36,990",LED,2,1,WebOS,Yes,108 cm (43 inch),"Ultra HD (4K), 3840 x 2160",2021,43UP7500PTZ
Haier Bezel Less Google Android TV - Smart AI Plus 80 cm (32 inch) HD Ready LED Smart Android TV  (LE-32K-6200GA),"₹14,999",LED,3,2,Android,Yes,80 cm (32 inch),"HD Ready, 1366 x 768",2020,LE-32K-6200GA
"smart s tech 9A 81.28 cm (32 inch) HD Ready 3D, Curved LED Smart Android TV 2022 Edition  (FLHD9ASERIES)","₹12,399",LED,1,2,Android,Yes,81.28 cm (32 inch),"HD Ready, 1366 x 768",2022,FLHD9ASERIES
Wybor 80 cm (32 inch) HD Ready LED Smart Android TV  (Macho PRO),"₹10,990",LED,2,2,Android,Yes,80 cm (32 inch),"HD Ready, 1366 x 768",2021,Macho PRO
iFFALCON by TCL H82 139 cm (55 inch) QLED Ultra HD (4K) Smart Android TV Google Assistant  (55H82),"₹59,999",QLED,4,2,Android,Yes,139 cm (55 inch),"Ultra HD (4K), 3840 x 2160",2021,55H82
"Haier 80 cm (32 inch) HD Ready LED TV with Dolby Audio  (Bezel less, LE32D4000)","₹25,500",LED,3,2,Android,No,80 cm (32 inch),"HD Ready, 1366 x 768",2021,"Bezel less, LE32D4000"
iMEE Elite 80 cm (32 inch) HD Ready LED Smart Android TV with with SRS Surround Sound (BEE 5 Star)  (ELITE-32SFL-Champagne),"₹12,999",LED,2,2,Android,Yes,80 cm (32 inch),"HD Ready, 1366 x 768",2021,ELITE-32SFL-Champagne
Mi 4A Horizon Edition 100 cm (40 inch) Full HD LED Smart Android TV with FHD | DTS-HD | Vivid Picture Engine,"₹20,990",LED,3,2,Android,Yes,100 cm (40 inch),"Full HD, 1920 x 1080",2021,L40M6-EI
RGL 99 cm (39 inch) Full HD LED Smart Android Based TV  (RGL4002),"₹13,490",LED,2,2,Android Based,Yes,99 cm (39 inch),"Full HD, 1920 x 1080",2020,RGL4002
Samtonic 80 cm (32 inch) HD Ready LED Smart Android TV  (ST-3207SF),"₹10,999",LED,2,2,Android,Yes,80 cm (32 inch),"HD Ready, 1366X768",2023,ST-3207SF
cenit 90 cm (32 inch) Full HD LED Smart TV  (CG32S),"₹8,899",LED,2,2,Android,Yes,90 cm (32 inch),"Full HD, HD DISPLAY",2023,CG32S
SONY Bravia 164 cm (65 inch) Ultra HD (4K) LED Smart Google TV  (XR-65X90J),"₹1,39,990",LED,4,2,Google TV,Yes,164 cm (65 inch),"Ultra HD (4K), 3840 x 2160",2021,XR-65X90J
smart s tech 9A 81.28 cm (32 inch) HD Ready Curved LED Smart Android TV  (FLHD9ASERIES02),"₹11,899",LED,1,2,Android,Yes,81.28 cm (32 inch),"HD Ready, 1366 x 768",2022,FLHD9ASERIES02
Hisense E7K 164 cm (65 inch) QLED Ultra HD (4K) Smart VIDAA TV With Dolby Vision and Atmos  (65E7K),"₹49,999",QLED,3,2,VIDAA,Yes,164 cm (65 inch),"Ultra HD (4K), 3840 × 2160",2023,65E7K
cenit 90 cm (32 inch) Full HD LED Smart TV  (CG32N),"₹8,213",LED,2,2,Android,Yes,90 cm (32 inch),"Full HD, HD",2023,CG32N
JVC 80 cm (32 inch) HD Ready LED Smart Android Based TV  (LT-32N385CE),"₹13,990",LED,2,2,Android Based,Yes,80 cm (32 inch),"HD Ready, 1366 x 768",2022,LT-32N385CE
iMEE Premium 102 cm (40 inch) HD Ready LED Smart Android TV with with SRS Surround Sound (BEE 5 Star)  (PREMIUM-40S-Black),"₹19,999",LED,2,2,Android,Yes,102 cm (40 inch),"HD Ready, 1366 x 768",2021,PREMIUM-40S-Black
"smart s tech 9A 81.28 cm (32 inch) HD Ready 3D, Curved LED Smart Android TV  (FLHD9ASERIES05)","₹11,899",LED,1,2,Android,Yes,81.28 cm (32 inch),"HD Ready, 1366 x 768",2022,FLHD9ASERIES05
LG 108 cm (43 inch) Ultra HD (4K) LED Smart WebOS TV  (43UR7550PSC),"₹38,490",LED,3,2,WebOS,Yes,108 cm (43 inch),"Ultra HD (4K), 3,840 x 2,160",2023,43UR7550PSC
"BPL 81.28 cm (32 inch) HD Ready LED Smart TV with Youtube, Prime video  (32H-D7300)","₹13,990",LED,3,2,Android,Yes,81.28 cm (32 inch),"HD Ready, 1366 × 768",2023,32H-D7300
Panwood 80 cm (32 inch) HD Ready LED TV  (PNWDLNL32MR),"₹7,077",LED,2,2,Android,No,80 cm (32 inch),"HD Ready, 1366 x 768",2023,PNWDLNL32MR
Haier 165 cm (65 inch) Ultra HD (4K) LED Smart Google TV 2023 Edition with DOLBY VISION-ATMOS & Far-Field  (6.50E+10),"₹65,490",LED,4,2,Google TV,Yes,165 cm (65 inch),"Ultra HD (4K), 3840 x 2160",2023,6.50E+10
SAMSUNG Series 4 59 cm (24 inch) HD Ready LED TV  (UA24K4100ARLXL),"₹9,431",LED,2,2,Tizen,No,59 cm (24 inch),"HD Ready, 1366 x 768",2016,UA24K4100ARLXL
QVA 80 cm (32 inch) HD Ready LED Smart Android TV  (Q-3223SA),"₹7,999",LED,2,2,Android,Yes,80 cm (32 inch),"HD Ready, 1366 x 768",2022,Q-3223SA
SAMSUNG 109 cm (43 inch) Ultra HD (4K) LED Smart Tizen TV  (UA43CU7700),"₹36,990",LED,3,1,Tizen,Yes,109 cm (43 inch),"Ultra HD (4K), 3840 x 2160",2023,UA43CU7700
smart s tech 101.6 cm (40 inch) Ultra HD (4K) LED Smart TV  (LED TV 40 INCH-12),"₹16,899",LED,1,2,Not Specified,Yes,101.6 cm (40 inch),"Ultra HD (4K), 1920 x 1080",2022,LED TV 40 INCH-12
iMEE Premium 80 cm (32 inch) HD Ready LED Smart Android TV with with SRS Surround Sound (BEE 5 Star)  (PREMIUM-32S-Silver),"₹11,999",LED,2,2,Android,Yes,80 cm (32 inch),"HD Ready, 1366 x 768",2021,PREMIUM-32S-Silver
Panasonic 139 cm (55 inch) OLED Ultra HD (4K) Smart Android TV PANASONIC OLED TV  (TH-55LZ950DX),"₹1,40,399",OLED,3,2,Android,Yes,139 cm (55 inch),"Ultra HD (4K), 3840 x 2160",2023,TH-55LZ950DX
iMEE Premium 80 cm (32 inch) HD Ready LED Smart Android TV with with SRS Surround Sound (BEE 5 Star)  (PREMIUM-32S-Black),"₹11,999",LED,2,2,Android,Yes,80 cm (32 inch),"HD Ready, 1366 x 768",2021,PREMIUM-32S-Black
smart s tech 101.6 cm (40 inch) Ultra HD (4K) LED Smart TV  (LED TV 40 INCH-7),"₹17,898",LED,1,2,Not Specified,Yes,101.6 cm (40 inch),"Ultra HD (4K), 1920 x 1080",2022,LED TV 40 INCH-7
smart s tech 101.6 cm (40 inch) Ultra HD (4K) LED Smart TV  (LED TV 40 INCH-11),"₹17,399",LED,1,2,Not Specified,Yes,101.6 cm (40 inch),"Ultra HD (4K), 1920 x 1080",2022,LED TV 40 INCH-11
SKYTRON 108 cm (43 inch) Ultra HD (4K) LED Smart WebOS TV  (S43W2UHFW),"₹19,699",LED,3,2,WebOS,Yes,108 cm (43 inch),"Ultra HD (4K), 3840 x 2160",2022,S43W2UHFW
LG 108 cm (43 Inch) Ultra HD (4K) LED Smart WebOS TV  (43UQ8040PSB),"₹36,990",LED,3,2,WebOS,Yes,108 cm (43 Inch),"Ultra HD (4K), 3840 x 2160",2022,43UQ8040PSB
Panwood 80 cm (32 inch) HD Ready LED Smart Android TV 2023 Edition with Remote  (PNWDLST32MR),"₹8,950",LED,2,2,Android,Yes,80 cm (32 inch),"HD Ready, 1366 x 768",2023,PNWDLST32MR
IVEE ECO 80 cm (32 inch) Full HD LED Smart Android TV  (ECO 32 SFL-512 MB),"₹12,300",LED,2,2,Android,Yes,80 cm (32 inch),"Full HD, 1366 x 768",2022,ECO 32 SFL-512 MB
INVANTER Elite Series 139 cm (55 inch) Ultra HD (4K) LED Smart Android TV  (IN55UHD4K),"₹34,490",LED,2,3,Android,Yes,139 cm (55 inch),"Ultra HD (4K), 3840 x 2160",2023,IN55UHD4K
EGOTEL 97 cm (43 inch) HD Ready LED Smart TV  (ET3211S3213454),"₹16,590",LED,1,2,Not Specified,Yes,97 cm (43 inch),"HD Ready, 1366 x 768",2023,ET3211S3213454
